name,ingredients,diet,flavor_profile,course,state,region,image
Balu shahi,"Maida flour, yogurt, oil, sugar",vegetarian,sweet,dessert,West Bengal,East,https://images.news18.com/ibnkhabar/uploads/2020/11/balushahi.jpg
Boondi,"Gram flour, ghee, sugar",vegetarian,sweet,dessert,Rajasthan,West,https://www.spiceupthecurry.com/wp-content/uploads/2020/08/boondi-ladoo-1.jpg
Gajar ka halwa,"Carrots, milk, sugar, ghee, cashews, raisins",vegetarian,sweet,dessert,Punjab,North,https://www.spiceupthecurry.com/wp-content/uploads/2020/08/boondi-ladoo-1.jpg
Ghevar,"Flour, ghee, kewra, milk, clarified butter, sugar, almonds, pistachio, saffron, green cardamom",vegetarian,sweet,dessert,Rajasthan,West,https://upload.wikimedia.org/wikipedia/commons/a/a7/GhevarRajasthaniSweet.jpg
Gulab jamun,"Milk powder, plain flour, baking powder, ghee, milk, sugar, water, rose water",vegetarian,sweet,dessert,West Bengal,East,https://images.news18.com/ibnkhabar/uploads/2020/12/gulab-jamun.jpg
Imarti,"Sugar syrup, lentil flour",vegetarian,sweet,dessert,West Bengal,East,https://i.pinimg.com/736x/42/7e/a2/427ea2b8d28fbaf5efc1f6f7db47e25a.jpg
Jalebi,"Maida, corn flour, baking soda, vinegar, curd, water, turmeric, saffron, cardamom",vegetarian,sweet,dessert,Uttar Pradesh,North,https://i.pinimg.com/736x/42/7e/a2/427ea2b8d28fbaf5efc1f6f7db47e25a.jpg
Kaju katli,"Cashews, ghee, cardamom, sugar",vegetarian,sweet,dessert,Sorry! Not Known,Popular all over India,https://i.pinimg.com/736x/42/7e/a2/427ea2b8d28fbaf5efc1f6f7db47e25a.jpg
Kalakand,"Milk, cottage cheese, sugar",vegetarian,sweet,dessert,West Bengal,East,https://i.pinimg.com/736x/42/7e/a2/427ea2b8d28fbaf5efc1f6f7db47e25a.jpg
Kheer,"Milk, rice, sugar, dried fruits",vegetarian,sweet,dessert,Sorry! Not Known,Popular all over India,https://i.pinimg.com/736x/42/7e/a2/427ea2b8d28fbaf5efc1f6f7db47e25a.jpg
Laddu,"Gram flour, ghee, sugar",vegetarian,sweet,dessert,Sorry! Not Known,Popular all over India,https://i.pinimg.com/736x/42/7e/a2/427ea2b8d28fbaf5efc1f6f7db47e25a.jpg
Lassi,"Yogurt, milk, nuts, sugar",vegetarian,sweet,dessert,Punjab,North,https://i.pinimg.com/736x/42/7e/a2/427ea2b8d28fbaf5efc1f6f7db47e25a.jpg
Nankhatai,"Refined flour, besan, ghee, powdered sugar, yoghurt, green cardamom",vegetarian,sweet,dessert,Sorry! Not Known,Popular all over India,https://i.pinimg.com/736x/42/7e/a2/427ea2b8d28fbaf5efc1f6f7db47e25a.jpg
Petha,"Firm white pumpkin, sugar, kitchen lime, alum powder",vegetarian,sweet,dessert,Uttar Pradesh,North,https://i.pinimg.com/736x/42/7e/a2/427ea2b8d28fbaf5efc1f6f7db47e25a.jpg
Phirni,"Rice, sugar, nuts",vegetarian,sweet,dessert,Odisha,East,https://i.pinimg.com/736x/42/7e/a2/427ea2b8d28fbaf5efc1f6f7db47e25a.jpg
Rabri,"Condensed milk, sugar, spices, nuts",vegetarian,sweet,dessert,Uttar Pradesh,North,https://i.pinimg.com/736x/42/7e/a2/427ea2b8d28fbaf5efc1f6f7db47e25a.jpg
Sheera,"Semolina, ghee, nuts, milk",vegetarian,sweet,dessert,Maharashtra,West,https://i.pinimg.com/736x/42/7e/a2/427ea2b8d28fbaf5efc1f6f7db47e25a.jpg
Singori,"Khoa, coconut, molu leaf",vegetarian,sweet,dessert,Uttarakhand,North,https://i.pinimg.com/736x/42/7e/a2/427ea2b8d28fbaf5efc1f6f7db47e25a.jpg
Sohan halwa,"Corn flour, ghee, dry fruits",vegetarian,sweet,dessert,Uttar Pradesh,North,https://i.pinimg.com/736x/42/7e/a2/427ea2b8d28fbaf5efc1f6f7db47e25a.jpg
Sohan papdi,"Gram flour, ghee, sugar, milk, cardamom",vegetarian,sweet,dessert,Maharashtra,West,https://i.pinimg.com/736x/42/7e/a2/427ea2b8d28fbaf5efc1f6f7db47e25a.jpg
Chhena jalebi,"Chhena, sugar, ghee",vegetarian,sweet,dessert,Odisha,East,https://i.pinimg.com/736x/42/7e/a2/427ea2b8d28fbaf5efc1f6f7db47e25a.jpg
Chhena kheeri,"Chhena, sugar, milk",vegetarian,sweet,dessert,Odisha,East,https://i.pinimg.com/736x/42/7e/a2/427ea2b8d28fbaf5efc1f6f7db47e25a.jpg
Chhena poda,"Sugar, chenna cheese",vegetarian,sweet,dessert,Odisha,East,https://i.pinimg.com/736x/42/7e/a2/427ea2b8d28fbaf5efc1f6f7db47e25a.jpg
Cham cham,"Flour, cream, sugar, saffron, lemon juice, coconut flakes",vegetarian,sweet,dessert,West Bengal,East,https://i.pinimg.com/736x/42/7e/a2/427ea2b8d28fbaf5efc1f6f7db47e25a.jpg
Kheer sagar,"Chenna, condensed milk, sugar, saffron, cardamom",vegetarian,sweet,dessert,Odisha,East,https://i.pinimg.com/736x/42/7e/a2/427ea2b8d28fbaf5efc1f6f7db47e25a.jpg
Ledikeni,"Chhena, sugar, ghee",vegetarian,sweet,dessert,West Bengal,East,https://i.pinimg.com/736x/42/7e/a2/427ea2b8d28fbaf5efc1f6f7db47e25a.jpg
Lyangcha,"Flour, fried milk power, sugar syrup",vegetarian,sweet,dessert,Assam,North East,https://i.pinimg.com/736x/42/7e/a2/427ea2b8d28fbaf5efc1f6f7db47e25a.jpg
Malapua,"Yoghurt, refined flour, ghee, fennel seeds",vegetarian,sweet,dessert,Bihar,North,https://i.pinimg.com/736x/42/7e/a2/427ea2b8d28fbaf5efc1f6f7db47e25a.jpg
Mihidana,"Besan flour, sugar, ghee",vegetarian,sweet,dessert,West Bengal,East,https://i.pinimg.com/736x/42/7e/a2/427ea2b8d28fbaf5efc1f6f7db47e25a.jpg
Misti doi,"Milk, jaggery",vegetarian,sweet,dessert,West Bengal,East,https://i.pinimg.com/736x/42/7e/a2/427ea2b8d28fbaf5efc1f6f7db47e25a.jpg
Pantua,"Chhena, sugar, ghee, flour",vegetarian,sweet,dessert,West Bengal,East,https://i.pinimg.com/736x/42/7e/a2/427ea2b8d28fbaf5efc1f6f7db47e25a.jpg
Pithe,"Rice flour, wheat flour",vegetarian,sweet,dessert,Assam,North East,https://i.pinimg.com/736x/42/7e/a2/427ea2b8d28fbaf5efc1f6f7db47e25a.jpg
Rasabali,"Chenna, sweetened milk",vegetarian,sweet,dessert,Odisha,East,https://i.pinimg.com/736x/42/7e/a2/427ea2b8d28fbaf5efc1f6f7db47e25a.jpg
Ras malai,"Chhena, reduced milk, pistachio",vegetarian,sweet,dessert,West Bengal,East,https://i.pinimg.com/736x/42/7e/a2/427ea2b8d28fbaf5efc1f6f7db47e25a.jpg
Rasgulla,"Chhena, sugar, cardamom",vegetarian,sweet,dessert,West Bengal,East,https://i.pinimg.com/736x/42/7e/a2/427ea2b8d28fbaf5efc1f6f7db47e25a.jpg
Sandesh,"Milk, sugar, saffron, cardamom",vegetarian,sweet,dessert,West Bengal,East,https://i.pinimg.com/736x/42/7e/a2/427ea2b8d28fbaf5efc1f6f7db47e25a.jpg
Adhirasam,"Rice flour, jaggery, ghee, vegetable oil, elachi",vegetarian,sweet,dessert,West Bengal,East,https://i.pinimg.com/736x/42/7e/a2/427ea2b8d28fbaf5efc1f6f7db47e25a.jpg
Ariselu,"Rice flour, jaggery, ghee",vegetarian,sweet,dessert,Andhra Pradesh,South,https://i.pinimg.com/736x/42/7e/a2/427ea2b8d28fbaf5efc1f6f7db47e25a.jpg
Bandar laddu,"Besan, jaggery, cardamom powder, ghee, cashews and raisins, jaggery syrup, sugar",vegetarian,sweet,dessert,Andhra Pradesh,South,https://i.pinimg.com/736x/42/7e/a2/427ea2b8d28fbaf5efc1f6f7db47e25a.jpg
Chikki,"Peanuts, jaggery",vegetarian,sweet,dessert,Maharashtra,West,https://i.pinimg.com/736x/42/7e/a2/427ea2b8d28fbaf5efc1f6f7db47e25a.jpg
Dharwad pedha,"Milk, Sugar, Dharwadi buffalo milk",vegetarian,sweet,dessert,Karnataka,South,https://i.pinimg.com/736x/42/7e/a2/427ea2b8d28fbaf5efc1f6f7db47e25a.jpg
Double ka meetha,"Loaf bread, milk",vegetarian,sweet,dessert,Telangana,South,https://i.pinimg.com/736x/42/7e/a2/427ea2b8d28fbaf5efc1f6f7db47e25a.jpg
Gavvalu,"Rice flour, sugar, salt, ghee, semolina",vegetarian,sweet,dessert,Andhra Pradesh,South,https://i.pinimg.com/736x/42/7e/a2/427ea2b8d28fbaf5efc1f6f7db47e25a.jpg
Kakinada khaja,"Wheat flour, sugar",vegetarian,sweet,dessert,Andhra Pradesh,South,https://i.pinimg.com/736x/42/7e/a2/427ea2b8d28fbaf5efc1f6f7db47e25a.jpg
Kuzhi paniyaram,"Black lentils, rice",vegetarian,sweet,dessert,Kerala,South,https://i.pinimg.com/736x/42/7e/a2/427ea2b8d28fbaf5efc1f6f7db47e25a.jpg
Mysore pak,"Besan flour, semolina, mung bean, jaggery, coconut, skimmed milk powder, sugar, ghee",vegetarian,sweet,dessert,Karnataka,South,https://i.pinimg.com/736x/42/7e/a2/427ea2b8d28fbaf5efc1f6f7db47e25a.jpg
Obbattu holige,"Maida flour, turmeric, coconut, chickpeas, jaggery, ghee, cardamom",vegetarian,sweet,main course,Karnataka,South,https://i.pinimg.com/736x/42/7e/a2/427ea2b8d28fbaf5efc1f6f7db47e25a.jpg
Palathalikalu,"Rice flour, milk",vegetarian,sweet,dessert,Andhra Pradesh,South,https://i.pinimg.com/736x/42/7e/a2/427ea2b8d28fbaf5efc1f6f7db47e25a.jpg
Poornalu,"Chana dal, jaggery",vegetarian,sweet,dessert,Andhra Pradesh,South,https://i.pinimg.com/736x/42/7e/a2/427ea2b8d28fbaf5efc1f6f7db47e25a.jpg
Pongal,"Rice, jaggery, cashews, ghee",vegetarian,sweet,dessert,Tamil Nadu,South,https://i.pinimg.com/736x/42/7e/a2/427ea2b8d28fbaf5efc1f6f7db47e25a.jpg
Pootharekulu,"Rice flour, powdered sugar, ghee",vegetarian,sweet,dessert,Andhra Pradesh,South,https://i.pinimg.com/736x/42/7e/a2/427ea2b8d28fbaf5efc1f6f7db47e25a.jpg
Qubani ka meetha,"Apricots, sugar syrup",vegetarian,sweet,dessert,Telangana,South,https://i.pinimg.com/736x/42/7e/a2/427ea2b8d28fbaf5efc1f6f7db47e25a.jpg
Sheer korma,"Vermicelli pudding, milk",vegetarian,sweet,dessert,Telangana,South,https://i.pinimg.com/736x/42/7e/a2/427ea2b8d28fbaf5efc1f6f7db47e25a.jpg
Unni Appam,"Rice flour, banana, jaggery, coconut",vegetarian,sweet,dessert,Tamil Nadu,South,https://i.pinimg.com/736x/42/7e/a2/427ea2b8d28fbaf5efc1f6f7db47e25a.jpg
Kajjikaya,"Rice flour, jaggery, coconut",vegetarian,sweet,dessert,Andhra Pradesh,South,https://i.pinimg.com/736x/42/7e/a2/427ea2b8d28fbaf5efc1f6f7db47e25a.jpg
Anarsa,"Rice flour, jaggery, khus-khus seeds",vegetarian,sweet,dessert,Maharashtra,West,https://i.pinimg.com/736x/42/7e/a2/427ea2b8d28fbaf5efc1f6f7db47e25a.jpg
Basundi,"Sugar, milk, nuts",vegetarian,sweet,dessert,Gujarat,West,https://i.pinimg.com/736x/42/7e/a2/427ea2b8d28fbaf5efc1f6f7db47e25a.jpg
Dhondas,"Cucumber, rava",vegetarian,sweet,dessert,Maharashtra,West,https://i.pinimg.com/736x/42/7e/a2/427ea2b8d28fbaf5efc1f6f7db47e25a.jpg
Doodhpak,"Milk, rice, sugar, dry fruits",vegetarian,sweet,dessert,Gujarat,West,https://i.pinimg.com/736x/42/7e/a2/427ea2b8d28fbaf5efc1f6f7db47e25a.jpg
Mahim halwa,"Semolina, sugar",vegetarian,sweet,dessert,Maharashtra,West,https://i.pinimg.com/736x/42/7e/a2/427ea2b8d28fbaf5efc1f6f7db47e25a.jpg
Modak,"Rice flour, coconut, jaggery ",vegetarian,sweet,dessert,Maharashtra,West,https://i.pinimg.com/736x/42/7e/a2/427ea2b8d28fbaf5efc1f6f7db47e25a.jpg
Shankarpali,"Sugar, ghee, maida flour, semolina",vegetarian,sweet,dessert,Maharashtra,West,https://i.pinimg.com/736x/42/7e/a2/427ea2b8d28fbaf5efc1f6f7db47e25a.jpg
Shrikhand,"Curd, sugar, saffron, cardamom",vegetarian,sweet,dessert,Maharashtra,West,https://i.pinimg.com/736x/42/7e/a2/427ea2b8d28fbaf5efc1f6f7db47e25a.jpg
Sutar feni,"Maida, sugar, ghee",vegetarian,sweet,dessert,Maharashtra,West,https://i.pinimg.com/736x/42/7e/a2/427ea2b8d28fbaf5efc1f6f7db47e25a.jpg
Maach Jhol,"Fish, potol, tomato, chillies, ginger, garlic",non vegetarian,spicy,main course,Assam,North East,https://i.pinimg.com/736x/42/7e/a2/427ea2b8d28fbaf5efc1f6f7db47e25a.jpg
Pork Bharta,"Boiled pork, onions, chillies, ginger and garlic",non vegetarian,spicy,main course,Tripura,North East,https://i.pinimg.com/736x/42/7e/a2/427ea2b8d28fbaf5efc1f6f7db47e25a.jpg
Chak Hao Kheer,"Rice, milk, sugar, cardamom",vegetarian,sweet,dessert,Manipur,North East,https://i.pinimg.com/736x/42/7e/a2/427ea2b8d28fbaf5efc1f6f7db47e25a.jpg
Galho,"Rice, axone, salt, water, chillies, pork",non vegetarian,spicy,main course,Nagaland,North East,https://i.pinimg.com/736x/42/7e/a2/427ea2b8d28fbaf5efc1f6f7db47e25a.jpg
Aloo gobi,"Cauliflower, potato, garam masala, turmeric, curry leaves",vegetarian,spicy,main course,Punjab,North,https://i.pinimg.com/736x/42/7e/a2/427ea2b8d28fbaf5efc1f6f7db47e25a.jpg
Aloo tikki,"Rice flour, potato, bread crumbs, garam masala, salt",vegetarian,spicy,main course,Punjab,North,https://i.pinimg.com/736x/42/7e/a2/427ea2b8d28fbaf5efc1f6f7db47e25a.jpg
Aloo matar,"Potato, peas, chillies, ginger, garam masala, garlic",vegetarian,spicy,main course,Punjab,North,https://i.pinimg.com/736x/42/7e/a2/427ea2b8d28fbaf5efc1f6f7db47e25a.jpg
Aloo methi,"Potato, fenugreek leaves, chillies, salt, oil",vegetarian,bitter,main course,Punjab,North,https://i.pinimg.com/736x/42/7e/a2/427ea2b8d28fbaf5efc1f6f7db47e25a.jpg
Aloo shimla mirch,"Potato, shimla mirch, garam masala, amchur powder, salt",vegetarian,spicy,main course,Punjab,North,https://i.pinimg.com/736x/42/7e/a2/427ea2b8d28fbaf5efc1f6f7db47e25a.jpg
Bhatura,"Chole, rava, yogurt, plain flour, baking soda",vegetarian,spicy,main course,Punjab,North,https://i.pinimg.com/736x/42/7e/a2/427ea2b8d28fbaf5efc1f6f7db47e25a.jpg
Bhindi masala,"Ladies finger, garam masala, kasuri methi, tomatoes, chili powder",vegetarian,spicy,main course,Punjab,North,https://i.pinimg.com/736x/42/7e/a2/427ea2b8d28fbaf5efc1f6f7db47e25a.jpg
Biryani,"Chicken thighs, basmati rice, star anise, sweet, green chillies",non vegetarian,spicy,main course,Telangana,South,https://i.pinimg.com/736x/42/7e/a2/427ea2b8d28fbaf5efc1f6f7db47e25a.jpg
Butter chicken,"Chicken, greek yogurt, cream, garam masala powder, cashew nuts, butter",non vegetarian,spicy,main course,NCT of Delhi,North,https://i.pinimg.com/736x/42/7e/a2/427ea2b8d28fbaf5efc1f6f7db47e25a.jpg
Chana masala,"Chickpeas, tomato paste, garam masala, ginger, red onion, avocado oil",vegetarian,spicy,main course,Punjab,North,https://i.pinimg.com/736x/42/7e/a2/427ea2b8d28fbaf5efc1f6f7db47e25a.jpg
Chapati,"Whole wheat flour, olive oil, hot water, all purpose flour",vegetarian,Try out yourself,main course,Maharashtra,West,https://i.pinimg.com/736x/42/7e/a2/427ea2b8d28fbaf5efc1f6f7db47e25a.jpg
Chicken razala,"Chicken, dahi, sesame seeds, garam masala powder, cashew nuts, saffron",non vegetarian,spicy,main course,West Bengal,East,https://i.pinimg.com/736x/42/7e/a2/427ea2b8d28fbaf5efc1f6f7db47e25a.jpg
Chicken Tikka masala,"Naan bread, tomato sauce, skinless chicken breasts, heavy cream, garam masala",non vegetarian,spicy,main course,Punjab,North,https://i.pinimg.com/736x/42/7e/a2/427ea2b8d28fbaf5efc1f6f7db47e25a.jpg
Chicken Tikka,"Chicken, whole wheat bread, rice flour, garam masala powder, whole egg",non vegetarian,spicy,starter,Punjab,North,https://i.pinimg.com/736x/42/7e/a2/427ea2b8d28fbaf5efc1f6f7db47e25a.jpg
Chole bhature,"Chole, bhatura, garam masala, bay leaf, cinnamon stick",vegetarian,spicy,main course,Punjab,North,https://i.pinimg.com/736x/42/7e/a2/427ea2b8d28fbaf5efc1f6f7db47e25a.jpg
Daal baati churma,"Moong dal, masoor dal, chana dal, wheat flour, almond",vegetarian,spicy,main course,Rajasthan,West,https://i.pinimg.com/736x/42/7e/a2/427ea2b8d28fbaf5efc1f6f7db47e25a.jpg
Daal puri,"Moong dal, garam masala powder, garlic, green chilli, all purpose flour",vegetarian,spicy,main course,West Bengal,East,https://i.pinimg.com/736x/42/7e/a2/427ea2b8d28fbaf5efc1f6f7db47e25a.jpg
Dal makhani ,"Red kidney beans, urad dal, cream, garam masala, chili powder",vegetarian,sweet,main course,Punjab,North,https://i.pinimg.com/736x/42/7e/a2/427ea2b8d28fbaf5efc1f6f7db47e25a.jpg
Dal tadka,"Pigeon peas, garam masala, ginger, red onion, kasuri methi",vegetarian,spicy,main course,Punjab,North,https://i.pinimg.com/736x/42/7e/a2/427ea2b8d28fbaf5efc1f6f7db47e25a.jpg
Dum aloo,"Baby potatoes, garam masala, cashew nuts, kasuri methi, tomatoes",vegetarian,spicy,main course,Jammu & Kashmir,North,https://i.pinimg.com/736x/42/7e/a2/427ea2b8d28fbaf5efc1f6f7db47e25a.jpg
Poha,"Beaten rice flakes, potato, curry leaves, green chilies, lemon juice",vegetarian,spicy,snack,Maharashtra,West,https://i.pinimg.com/736x/42/7e/a2/427ea2b8d28fbaf5efc1f6f7db47e25a.jpg
Fara,"Chana dal, whole wheat flour, arhar dal, white urad dal, garam masala powder",vegetarian,spicy,snack,Chhattisgarh,Central,https://i.pinimg.com/736x/42/7e/a2/427ea2b8d28fbaf5efc1f6f7db47e25a.jpg
Kachori,"Moong dal, rava, garam masala, dough, fennel seeds",vegetarian,spicy,snack,Uttar Pradesh,North,https://i.pinimg.com/736x/42/7e/a2/427ea2b8d28fbaf5efc1f6f7db47e25a.jpg
Kadai paneer,"Cottage cheese, bell peppers, gravy, garam masala, cashew nuts",vegetarian,spicy,main course,Punjab,North,https://i.pinimg.com/736x/42/7e/a2/427ea2b8d28fbaf5efc1f6f7db47e25a.jpg
Kadhi pakoda,"Besan, garam masala powder, gram flour, ginger, curry leaves",vegetarian,spicy,main course,Haryana,North,https://i.pinimg.com/736x/42/7e/a2/427ea2b8d28fbaf5efc1f6f7db47e25a.jpg
Karela bharta,"Bitter gourd, fennel, garam masala powder, chili powder, amchur powder",vegetarian,bitter,main course,Punjab,North,https://i.pinimg.com/736x/42/7e/a2/427ea2b8d28fbaf5efc1f6f7db47e25a.jpg
Khichdi,"Moong dal, green peas, ginger, tomato, green chili",vegetarian,spicy,main course,Sorry! Not Known,Popular all over India,https://i.pinimg.com/736x/42/7e/a2/427ea2b8d28fbaf5efc1f6f7db47e25a.jpg
Kofta,"Paneer, potato, cream, corn flour, garam masala",vegetarian,spicy,main course,Uttar Pradesh,North,https://i.pinimg.com/736x/42/7e/a2/427ea2b8d28fbaf5efc1f6f7db47e25a.jpg
Kulfi falooda,"Rose syrup, falooda sev, mixed nuts, saffron, sugar",vegetarian,sweet,dessert,Sorry! Not Known,Popular all over India,https://i.pinimg.com/736x/42/7e/a2/427ea2b8d28fbaf5efc1f6f7db47e25a.jpg
Lauki ke kofte,"Bottle gourd, garam masala powder, gram flour, ginger, chillies",vegetarian,spicy,main course,Uttar Pradesh,North,https://i.pinimg.com/736x/42/7e/a2/427ea2b8d28fbaf5efc1f6f7db47e25a.jpg
Lauki ki subji,"Bottle gourd, coconut oil, garam masala, ginger, green chillies",vegetarian,spicy,main course,Sorry! Not Known,Popular all over India,https://i.pinimg.com/736x/42/7e/a2/427ea2b8d28fbaf5efc1f6f7db47e25a.jpg
Litti chokha,"Wheat flour, roasted gram flour, tomato, nigella seeds, chilli",vegetarian,spicy,main course,Bihar,North,https://i.pinimg.com/736x/42/7e/a2/427ea2b8d28fbaf5efc1f6f7db47e25a.jpg
Makki di roti sarson da saag,"Palak, makki atta, mustard green, garam masala, ginger",vegetarian,spicy,main course,Punjab,North,https://i.pinimg.com/736x/42/7e/a2/427ea2b8d28fbaf5efc1f6f7db47e25a.jpg
Misi roti,"Whole wheat flour, chickpea flour, green chilies",vegetarian,spicy,main course,Punjab,North,https://i.pinimg.com/736x/42/7e/a2/427ea2b8d28fbaf5efc1f6f7db47e25a.jpg
Mushroom do pyaza,"Mushroom, malai, garam masala, ginger, capsicum",vegetarian,spicy,main course,Punjab,North,https://i.pinimg.com/736x/42/7e/a2/427ea2b8d28fbaf5efc1f6f7db47e25a.jpg
Mushroom matar,"Canned coconut milk, frozen green peas, wild mushrooms, garam masala, tomatoes",vegetarian,spicy,main course,Punjab,North,https://i.pinimg.com/736x/42/7e/a2/427ea2b8d28fbaf5efc1f6f7db47e25a.jpg
Naan,"Whole wheat flour, honey, butter, garlic",vegetarian,Try out yourself,main course,Punjab,North,https://i.pinimg.com/736x/42/7e/a2/427ea2b8d28fbaf5efc1f6f7db47e25a.jpg
Navrattan korma,"Green beans, potatoes, khus khus, low fat, garam masala powder",vegetarian,spicy,main course,Uttar Pradesh,North,https://i.pinimg.com/736x/42/7e/a2/427ea2b8d28fbaf5efc1f6f7db47e25a.jpg
Palak paneer,"Cottage cheese, palak, cream, garam masala, butter",vegetarian,spicy,main course,Punjab,North,https://i.pinimg.com/736x/42/7e/a2/427ea2b8d28fbaf5efc1f6f7db47e25a.jpg
Paneer butter masala,"Paneer, whipping cream, garam masala, cashew nuts, butter",vegetarian,spicy,main course,Punjab,North,https://i.pinimg.com/736x/42/7e/a2/427ea2b8d28fbaf5efc1f6f7db47e25a.jpg
Paneer tikka masala,"Paneer, greek yogurt, tandoori masala, cream, bell pepper",vegetarian,spicy,main course,Punjab,North,https://i.pinimg.com/736x/42/7e/a2/427ea2b8d28fbaf5efc1f6f7db47e25a.jpg
Pani puri,"Kala chana, mashed potato, boondi, sev, lemon",vegetarian,spicy,snack,Sorry! Not Known,Popular all over India,https://i.pinimg.com/736x/42/7e/a2/427ea2b8d28fbaf5efc1f6f7db47e25a.jpg
Panjeeri,"Whole wheat flour, musk melon seeds, poppy seeds, edible gum, semolina",vegetarian,sweet,dessert,Uttar Pradesh,North,https://i.pinimg.com/736x/42/7e/a2/427ea2b8d28fbaf5efc1f6f7db47e25a.jpg
Papad,"Urad dal, sev, lemon juice, chopped tomatoes",vegetarian,spicy,snack,Sorry! Not Known,Popular all over India,https://i.pinimg.com/736x/42/7e/a2/427ea2b8d28fbaf5efc1f6f7db47e25a.jpg
Paratha,"Wheat flour, butter, potato, coriander",vegetarian,spicy,main course,Punjab,North,https://i.pinimg.com/736x/42/7e/a2/427ea2b8d28fbaf5efc1f6f7db47e25a.jpg
Pattor,"Arbi ke patte, sesame seeds, gur, bengal gram flour, imli",vegetarian,spicy,main course,Rajasthan,West,https://i.pinimg.com/736x/42/7e/a2/427ea2b8d28fbaf5efc1f6f7db47e25a.jpg
Pindi chana,"Fennel, tea bags, tomato, kasuri methi, cinnamon",vegetarian,spicy,main course,Punjab,North,https://i.pinimg.com/736x/42/7e/a2/427ea2b8d28fbaf5efc1f6f7db47e25a.jpg
Rajma chaval,"Red kidney beans, garam masala powder, ginger, tomato, mustard oil",vegetarian,spicy,main course,Sorry! Not Known,North,https://i.pinimg.com/736x/42/7e/a2/427ea2b8d28fbaf5efc1f6f7db47e25a.jpg
Rongi,"Garam masala powder, tomato, kasuri methi, cinnamon, mustard oil",vegetarian,Try out yourself,main course,Punjab,North,https://i.pinimg.com/736x/42/7e/a2/427ea2b8d28fbaf5efc1f6f7db47e25a.jpg
Samosa,"Potatoes, green peas, garam masala, ginger, dough",vegetarian,spicy,snack,Sorry! Not Known,Popular all over India,https://i.pinimg.com/736x/42/7e/a2/427ea2b8d28fbaf5efc1f6f7db47e25a.jpg
Sattu ki roti,"Sattu, atta, dough, filling, mustard oil",vegetarian,spicy,main course,Bihar,North,https://i.pinimg.com/736x/42/7e/a2/427ea2b8d28fbaf5efc1f6f7db47e25a.jpg
Shahi paneer,"Cottage cheese, malai, garam masala, ginger, tomato",vegetarian,spicy,main course,Punjab,North,https://i.pinimg.com/736x/42/7e/a2/427ea2b8d28fbaf5efc1f6f7db47e25a.jpg
Shahi tukra,"Rose water, milk, white bread slices, saffron, almonds",vegetarian,sweet,dessert,Telangana,South,https://i.pinimg.com/736x/42/7e/a2/427ea2b8d28fbaf5efc1f6f7db47e25a.jpg
Vegetable jalfrezi,"Baby corn, french beans, garam masala, ginger, carrot",vegetarian,spicy,main course,Punjab,North,https://i.pinimg.com/736x/42/7e/a2/427ea2b8d28fbaf5efc1f6f7db47e25a.jpg
Tandoori Chicken,"Greek yogurt, garam masala, kasuri methi, marinade, mustard oil",non vegetarian,spicy,main course,Punjab,North,https://i.pinimg.com/736x/42/7e/a2/427ea2b8d28fbaf5efc1f6f7db47e25a.jpg
Tandoori Fish Tikka,"Chickpea flour, biryani masala powder, yogurt, fish fillets, green bell pepper",non vegetarian,spicy,starter,Punjab,North,https://i.pinimg.com/736x/42/7e/a2/427ea2b8d28fbaf5efc1f6f7db47e25a.jpg
Attu,"Whole wheat flour, arhar dal, ginger, kala jeera, green chilli",vegetarian,spicy,snack,Andhra Pradesh,South,https://i.pinimg.com/736x/42/7e/a2/427ea2b8d28fbaf5efc1f6f7db47e25a.jpg
Avial,"Raw banana, elephant foot yam, long beans, tindora, urad dal",vegetarian,spicy,main course,Kerala,South,https://i.pinimg.com/736x/42/7e/a2/427ea2b8d28fbaf5efc1f6f7db47e25a.jpg
Bisi bele bath,"Split pigeon peas, chana dal, urad dal, green peas, french beans",vegetarian,spicy,main course,Karnataka,South,https://i.pinimg.com/736x/42/7e/a2/427ea2b8d28fbaf5efc1f6f7db47e25a.jpg
Currivepillai sadam ,"Chana dal, urad dal, fresh coconut, sesame seeds, curry leaves",vegetarian,spicy,main course,Tamil Nadu,South,https://i.pinimg.com/736x/42/7e/a2/427ea2b8d28fbaf5efc1f6f7db47e25a.jpg
Dosa,"Chana dal, urad dal, whole urad dal, blend rice, rock salt",vegetarian,spicy,snack,Sorry! Not Known,South,https://i.pinimg.com/736x/42/7e/a2/427ea2b8d28fbaf5efc1f6f7db47e25a.jpg
Idiappam,"Rice flour, hot water, grated coconut",vegetarian,spicy,snack,Tamil Nadu,South,https://i.pinimg.com/736x/42/7e/a2/427ea2b8d28fbaf5efc1f6f7db47e25a.jpg
Idli,"Split urad dal, urad dal, idli rice, thick poha, rock salt",vegetarian,spicy,snack,Sorry! Not Known,South,https://i.pinimg.com/736x/42/7e/a2/427ea2b8d28fbaf5efc1f6f7db47e25a.jpg
Kanji,"Carrot, yellow mustard, red chilli, black salt",vegetarian,Try out yourself,snack,Kerala,South,https://i.pinimg.com/736x/42/7e/a2/427ea2b8d28fbaf5efc1f6f7db47e25a.jpg
Kaara kozhambu,"Sesame oil, drumstick, tamarind paste, sambar powder, tomato",vegetarian,spicy,main course,Tamil Nadu,South,https://i.pinimg.com/736x/42/7e/a2/427ea2b8d28fbaf5efc1f6f7db47e25a.jpg
Keerai kootu,"Moong dal, chana dal, spinach, urad dal, coconut oil",vegetarian,spicy,main course,Tamil Nadu,South,https://i.pinimg.com/736x/42/7e/a2/427ea2b8d28fbaf5efc1f6f7db47e25a.jpg
Keerai masiyal,"Urad dal, curry leaves, sugar, mustard seeds, spinach",vegetarian,spicy,main course,Tamil Nadu,South,https://i.pinimg.com/736x/42/7e/a2/427ea2b8d28fbaf5efc1f6f7db47e25a.jpg
Keerai sadam,"Greens, tomato, mustard seeds, fenugreek seeds",vegetarian,spicy,main course,Tamil Nadu,South,https://i.pinimg.com/736x/42/7e/a2/427ea2b8d28fbaf5efc1f6f7db47e25a.jpg
Keerai poriyal,"Amaranth leaves, split urad dal, mustard seeds, grated coconut, red chili",vegetarian,spicy,main course,Tamil Nadu,South,https://i.pinimg.com/736x/42/7e/a2/427ea2b8d28fbaf5efc1f6f7db47e25a.jpg
Beef Fry,"Beef, coconut, garam masala, curry leaves, green chilies, chili powder",non vegetarian,spicy,main course,Kerala,South,https://i.pinimg.com/736x/42/7e/a2/427ea2b8d28fbaf5efc1f6f7db47e25a.jpg
Kootu,"Chana dal, urad dal, potato, beans, peas",vegetarian,spicy,main course,Tamil Nadu,South,https://i.pinimg.com/736x/42/7e/a2/427ea2b8d28fbaf5efc1f6f7db47e25a.jpg
Kos kootu,"Moong dal, chana dal, cabbage, tamarind, curry leaves",vegetarian,spicy,main course,Tamil Nadu,South,https://i.pinimg.com/736x/42/7e/a2/427ea2b8d28fbaf5efc1f6f7db47e25a.jpg
Koshambri,"Moong dal, cucumber, curry leaves, green chili, lemon juice",vegetarian,spicy,main course,Karnataka,South,https://i.pinimg.com/736x/42/7e/a2/427ea2b8d28fbaf5efc1f6f7db47e25a.jpg
Kothamali sadam,"Chana dal, urad dal, gooseberry, raw rice, curry leaves",vegetarian,spicy,main course,Tamil Nadu,South,https://i.pinimg.com/736x/42/7e/a2/427ea2b8d28fbaf5efc1f6f7db47e25a.jpg
Kuzhakkattai,"Sesame oil, raw rice, jaggery, grated coconut",vegetarian,spicy,main course,Tamil Nadu,South,https://i.pinimg.com/736x/42/7e/a2/427ea2b8d28fbaf5efc1f6f7db47e25a.jpg
Kuzhambu,"Pearl onions, urad dal, drumsticks, tomato, curry leaves",vegetarian,spicy,main course,Tamil Nadu,South,https://i.pinimg.com/736x/42/7e/a2/427ea2b8d28fbaf5efc1f6f7db47e25a.jpg
Masala Dosa,"Chana dal, urad dal, potatoes, idli rice, thick poha",vegetarian,spicy,snack,Sorry! Not Known,South,https://i.pinimg.com/736x/42/7e/a2/427ea2b8d28fbaf5efc1f6f7db47e25a.jpg
Pachadi,"Coconut oil, cucumber, curd, curry leaves, mustard seeds",vegetarian,Try out yourself,main course,Sorry! Not Known,South,https://i.pinimg.com/736x/42/7e/a2/427ea2b8d28fbaf5efc1f6f7db47e25a.jpg
Paniyaram,"Yogurt, ginger, curry leaves, baking soda, green chilli",vegetarian,Try out yourself,main course,Tamil Nadu,South,https://i.pinimg.com/736x/42/7e/a2/427ea2b8d28fbaf5efc1f6f7db47e25a.jpg
Papadum,"Lentils, black pepper, vegetable oil",vegetarian,spicy,snack,Kerala,South,https://i.pinimg.com/736x/42/7e/a2/427ea2b8d28fbaf5efc1f6f7db47e25a.jpg
Paravannam,"Raw rice,  jaggery, milk",vegetarian,spicy,main course,Kerala,South,https://i.pinimg.com/736x/42/7e/a2/427ea2b8d28fbaf5efc1f6f7db47e25a.jpg
Payasam,"Rice, cashew nuts, milk, raisins, sugar",vegetarian,sweet,dessert,Sorry! Not Known,South,https://i.pinimg.com/736x/42/7e/a2/427ea2b8d28fbaf5efc1f6f7db47e25a.jpg
Paruppu sadam,"Arhar dal, sambar powder, tomato, curry leaves, fennel seeds",vegetarian,Try out yourself,main course,Tamil Nadu,South,https://i.pinimg.com/736x/42/7e/a2/427ea2b8d28fbaf5efc1f6f7db47e25a.jpg
Pesarattu,"Green moong beans, rice flour",vegetarian,spicy,snack,Andhra Pradesh,South,https://i.pinimg.com/736x/42/7e/a2/427ea2b8d28fbaf5efc1f6f7db47e25a.jpg
Poriyal,"Chana dal, urad dal, beans, coconut, mustard",vegetarian,spicy,main course,Tamil Nadu,South,https://i.pinimg.com/736x/42/7e/a2/427ea2b8d28fbaf5efc1f6f7db47e25a.jpg
Puli sadam,"Urad dal, lemon, tamarind, cooked rice, curry leaves",vegetarian,Try out yourself,main course,Tamil Nadu,South,https://i.pinimg.com/736x/42/7e/a2/427ea2b8d28fbaf5efc1f6f7db47e25a.jpg
Rasam,"Tomato, curry leaves, garlic, mustard seeds, hot water",vegetarian,spicy,main course,Sorry! Not Known,South,https://i.pinimg.com/736x/42/7e/a2/427ea2b8d28fbaf5efc1f6f7db47e25a.jpg
Puttu,"Brown rice flour, sugar, grated coconut",vegetarian,Try out yourself,main course,Kerala,South,https://i.pinimg.com/736x/42/7e/a2/427ea2b8d28fbaf5efc1f6f7db47e25a.jpg
Sambar,"Pigeon peas, eggplant, drumsticks, sambar powder, tamarind",vegetarian,spicy,main course,Sorry! Not Known,South,https://i.pinimg.com/736x/42/7e/a2/427ea2b8d28fbaf5efc1f6f7db47e25a.jpg
Sandige,"Thin rice flakes, black sesame seeds, curry leaves",vegetarian,Try out yourself,main course,Karnataka,South,https://i.pinimg.com/736x/42/7e/a2/427ea2b8d28fbaf5efc1f6f7db47e25a.jpg
Sevai,"Sevai, parboiled rice, steamer",vegetarian,Try out yourself,main course,Sorry! Not Known,South,https://i.pinimg.com/736x/42/7e/a2/427ea2b8d28fbaf5efc1f6f7db47e25a.jpg
Thayir sadam,"Urad dal, curd, sesame oil, ginger, curry leaves, mustard seeds",vegetarian,Try out yourself,main course,Tamil Nadu,South,https://i.pinimg.com/736x/42/7e/a2/427ea2b8d28fbaf5efc1f6f7db47e25a.jpg
Theeyal,"Coconut, whole red beans, masala, sesame oil, tamarind",vegetarian,Try out yourself,main course,Kerala,South,https://i.pinimg.com/736x/42/7e/a2/427ea2b8d28fbaf5efc1f6f7db47e25a.jpg
Uttapam,"Chana dal, urad dal, thick poha, tomato, butter",vegetarian,spicy,snack,Sorry! Not Known,South,https://i.pinimg.com/736x/42/7e/a2/427ea2b8d28fbaf5efc1f6f7db47e25a.jpg
Vada,"Urad dal, ginger, curry leaves, green chilies, black pepper",vegetarian,spicy,snack,Sorry! Not Known,South,https://i.pinimg.com/736x/42/7e/a2/427ea2b8d28fbaf5efc1f6f7db47e25a.jpg
Chicken Varuval,"Meat curry powder, chicken chunks, ginger, tomato, cinnamon",non vegetarian,spicy,main course,Tamil Nadu,South,https://i.pinimg.com/736x/42/7e/a2/427ea2b8d28fbaf5efc1f6f7db47e25a.jpg
Upma,"Chana dal, urad dal, ginger, curry leaves, sugar",vegetarian,spicy,snack,Sorry! Not Known,Popular all over India,https://i.pinimg.com/736x/42/7e/a2/427ea2b8d28fbaf5efc1f6f7db47e25a.jpg
Amti,"Kala masala, arhar dal, curry leaves, mustard seeds, hot water",vegetarian,spicy,main course,Maharashtra,West,https://i.pinimg.com/736x/42/7e/a2/427ea2b8d28fbaf5efc1f6f7db47e25a.jpg
Zunka,"Gram flour, mustard, garlic, turmeric, red chilli",vegetarian,spicy,main course,Maharashtra,West,https://i.pinimg.com/736x/42/7e/a2/427ea2b8d28fbaf5efc1f6f7db47e25a.jpg
Kolim Jawla,"Baingan, fish, coconut oil, fresh coconut, ginger",non vegetarian,spicy,main course,Maharashtra,West,https://i.pinimg.com/736x/42/7e/a2/427ea2b8d28fbaf5efc1f6f7db47e25a.jpg
Saath,"Urad dal, potatoes, wheat flour, sooji",vegetarian,spicy,main course,Gujarat,West,https://i.pinimg.com/736x/42/7e/a2/427ea2b8d28fbaf5efc1f6f7db47e25a.jpg
Bajri no rotlo,"Wheat flour, pearl millet flour, hot water",vegetarian,spicy,main course,Gujarat,West,https://i.pinimg.com/736x/42/7e/a2/427ea2b8d28fbaf5efc1f6f7db47e25a.jpg
Coconut vadi,"Condensed milk, mawa, desiccated coconut, almonds, cashews",vegetarian,sweet,dessert,Maharashtra,West,https://i.pinimg.com/736x/42/7e/a2/427ea2b8d28fbaf5efc1f6f7db47e25a.jpg
Bhakri,"Jowar flour, sesame seeds",vegetarian,Try out yourself,main course,Maharashtra,West,https://i.pinimg.com/736x/42/7e/a2/427ea2b8d28fbaf5efc1f6f7db47e25a.jpg
Bombil fry,"Bombay duck, malvani masala, rice flour, bombay rava, green chilies",non vegetarian,spicy,main course,Maharashtra,West,https://i.pinimg.com/736x/42/7e/a2/427ea2b8d28fbaf5efc1f6f7db47e25a.jpg
Chakali,"Rice flour, sesame, plain flour, turmeric, red chilli",vegetarian,spicy,snack,Maharashtra,West,https://i.pinimg.com/736x/42/7e/a2/427ea2b8d28fbaf5efc1f6f7db47e25a.jpg
Chevdo,"Citric acid, fry, raisins, sugar, chana daal",vegetarian,spicy,snack,Gujarat,West,https://i.pinimg.com/736x/42/7e/a2/427ea2b8d28fbaf5efc1f6f7db47e25a.jpg
Chorafali,"Urad dal, bengal gram flour, dried mango, baking soda, black salt",vegetarian,spicy,snack,Gujarat,West,https://i.pinimg.com/736x/42/7e/a2/427ea2b8d28fbaf5efc1f6f7db47e25a.jpg
Copra paak,"Condensed milk, nestle cream, coconut ice, red food coloring, desiccated coconut",vegetarian,Try out yourself,main course,Gujarat,West,https://i.pinimg.com/736x/42/7e/a2/427ea2b8d28fbaf5efc1f6f7db47e25a.jpg
Daal Dhokli,"Whole wheat flour, dal, kokum, gur, bengal gram flour",vegetarian,spicy,main course,Gujarat,West,https://i.pinimg.com/736x/42/7e/a2/427ea2b8d28fbaf5efc1f6f7db47e25a.jpg
Kutchi dabeli,"Pav, aloo, peanut, pomegranate, star anise",vegetarian,spicy,snack,Gujarat,West,https://i.pinimg.com/736x/42/7e/a2/427ea2b8d28fbaf5efc1f6f7db47e25a.jpg
Dahi vada,"Urad dal, bhuna chana, garam masala, dates, tamarind",vegetarian,Try out yourself,snack,Maharashtra,West,https://i.pinimg.com/736x/42/7e/a2/427ea2b8d28fbaf5efc1f6f7db47e25a.jpg
Dalithoy,"Arhar dal, coconut oil, curry leaves, mustard seeds, red chilli",vegetarian,Try out yourself,main course,Maharashtra,West,https://i.pinimg.com/736x/42/7e/a2/427ea2b8d28fbaf5efc1f6f7db47e25a.jpg
Dhokla,"Rava, coconut, gram flour, mustard, sesame",vegetarian,spicy,snack,Gujarat,West,https://i.pinimg.com/736x/42/7e/a2/427ea2b8d28fbaf5efc1f6f7db47e25a.jpg
Dudhi halwa,"Bottle gourd, green, raisins, sugar, clarified butter",vegetarian,sweet,dessert,Gujarat,West,https://i.pinimg.com/736x/42/7e/a2/427ea2b8d28fbaf5efc1f6f7db47e25a.jpg
Gatta curry,"Yogurt, besan, sauce, garam masala powder, gram flour",vegetarian,spicy,main course,Rajasthan,West,https://i.pinimg.com/736x/42/7e/a2/427ea2b8d28fbaf5efc1f6f7db47e25a.jpg
Gud papdi,"Wheat flour, jaggery, clarified butter, sliced almonds",vegetarian,sweet,dessert,Gujarat,West,https://i.pinimg.com/736x/42/7e/a2/427ea2b8d28fbaf5efc1f6f7db47e25a.jpg
Ghooghra,"Dry fruits, semolina, all purpose flour",vegetarian,spicy,snack,Gujarat,West,https://i.pinimg.com/736x/42/7e/a2/427ea2b8d28fbaf5efc1f6f7db47e25a.jpg
Handwo,"Bottle gourd, chana dal, cabbage, urad dal, toor dal",vegetarian,spicy,snack,Gujarat,West,https://i.pinimg.com/736x/42/7e/a2/427ea2b8d28fbaf5efc1f6f7db47e25a.jpg
Halvasan,"Whole wheat rava, chia seed, lemon, edible gum, litre milk",vegetarian,sweet,dessert,Gujarat,West,https://i.pinimg.com/736x/42/7e/a2/427ea2b8d28fbaf5efc1f6f7db47e25a.jpg
Jeera Aloo,"Green chilies, lemon juice, chili powder, boiled potatoes",vegetarian,spicy,main course,Gujarat,West,https://i.pinimg.com/736x/42/7e/a2/427ea2b8d28fbaf5efc1f6f7db47e25a.jpg
Kansar,"Wheat flour, cashews, rapeseed oil",vegetarian,Try out yourself,main course,Gujarat,West,https://i.pinimg.com/736x/42/7e/a2/427ea2b8d28fbaf5efc1f6f7db47e25a.jpg
Keri no ras,"Mango, sugar",vegetarian,sour,main course,Gujarat,West,https://i.pinimg.com/736x/42/7e/a2/427ea2b8d28fbaf5efc1f6f7db47e25a.jpg
Khakhra,"Whole wheat flour, low fat, bengal gram flour",vegetarian,spicy,snack,Gujarat,West,https://i.pinimg.com/736x/42/7e/a2/427ea2b8d28fbaf5efc1f6f7db47e25a.jpg
Khandvi,"Green chili paste, white sesame seeds, gram flour, curry leaves, green chili",vegetarian,spicy,snack,Gujarat,West,https://i.pinimg.com/736x/42/7e/a2/427ea2b8d28fbaf5efc1f6f7db47e25a.jpg
Kombdi vade,"Rice flour, urad dal, wheat flour, gram flour, turmeric",vegetarian,spicy,snack,Maharashtra,West,https://i.pinimg.com/736x/42/7e/a2/427ea2b8d28fbaf5efc1f6f7db47e25a.jpg
Laapsi,"Cinnamon, jaggery, clarified butter, dry roasted",vegetarian,spicy,main course,Madhya Pradesh,Central,https://i.pinimg.com/736x/42/7e/a2/427ea2b8d28fbaf5efc1f6f7db47e25a.jpg
Koshimbir,"Cucumber, carrot, tomatoes, cilantro",vegetarian,spicy,main course,Maharashtra,West,https://i.pinimg.com/736x/42/7e/a2/427ea2b8d28fbaf5efc1f6f7db47e25a.jpg
Methi na Gota,"Rava, gram flour, lemon juice, turmeric, fenugreek leaves",vegetarian,bitter,main course,Gujarat,West,https://i.pinimg.com/736x/42/7e/a2/427ea2b8d28fbaf5efc1f6f7db47e25a.jpg
Mohanthal,"Rose water, pistachio, badam, bengal gram flour, saffron",vegetarian,sweet,dessert,Gujarat,West,https://i.pinimg.com/736x/42/7e/a2/427ea2b8d28fbaf5efc1f6f7db47e25a.jpg
Muthiya,"Bottle gourd, whole wheat flour, rava, sesame seeds, bengal gram flour",vegetarian,bitter,snack,Gujarat,West,https://i.pinimg.com/736x/42/7e/a2/427ea2b8d28fbaf5efc1f6f7db47e25a.jpg
Patra,"Arbi ke patte, sesame seeds, gur, bengal gram flour, imli",vegetarian,spicy,snack,Gujarat,West,https://i.pinimg.com/736x/42/7e/a2/427ea2b8d28fbaf5efc1f6f7db47e25a.jpg
Pav Bhaji,"Pav bhaji masala, gobi, potatoes, green peas, dinner rolls",vegetarian,spicy,main course,Maharashtra,West,https://i.pinimg.com/736x/42/7e/a2/427ea2b8d28fbaf5efc1f6f7db47e25a.jpg
Puri Bhaji,"Aloo, urad dal, mustard, ginger, curry leaves",vegetarian,spicy,main course,Maharashtra,West,https://i.pinimg.com/736x/42/7e/a2/427ea2b8d28fbaf5efc1f6f7db47e25a.jpg
Sabudana Khichadi,"Raw peanuts, sabudana, lemon, avocado oil, curry leaves, green chili",vegetarian,spicy,snack,Maharashtra,West,https://i.pinimg.com/736x/42/7e/a2/427ea2b8d28fbaf5efc1f6f7db47e25a.jpg
Sev khamani,"Khaman, pomegranate, sev, powdered sugar, garlic",vegetarian,spicy,main course,Gujarat,West,https://i.pinimg.com/736x/42/7e/a2/427ea2b8d28fbaf5efc1f6f7db47e25a.jpg
Sev tameta,"Sev, ginger, tomato, sugar",vegetarian,spicy,main course,Gujarat,West,https://i.pinimg.com/736x/42/7e/a2/427ea2b8d28fbaf5efc1f6f7db47e25a.jpg
Namakpara,"Wheat flour, baking soda, all purpose flour, black pepper, sunflower oil",vegetarian,spicy,snack,Gujarat,West,https://i.pinimg.com/736x/42/7e/a2/427ea2b8d28fbaf5efc1f6f7db47e25a.jpg
Sukhdi,"Whole wheat flour, gur, clarified butter",vegetarian,sweet,dessert,Maharashtra,West,https://i.pinimg.com/736x/42/7e/a2/427ea2b8d28fbaf5efc1f6f7db47e25a.jpg
Surnoli,"Rice flakes, yogurt, raw rice, jaggery, grated coconut",vegetarian,spicy,snack,Maharashtra,West,https://i.pinimg.com/736x/42/7e/a2/427ea2b8d28fbaf5efc1f6f7db47e25a.jpg
Thalipeeth,"Whole wheat flour, rice flour, pearl millet flour, sorghum flour, sesame seeds",vegetarian,spicy,main course,Maharashtra,West,https://i.pinimg.com/736x/42/7e/a2/427ea2b8d28fbaf5efc1f6f7db47e25a.jpg
Undhiyu,"Sweet potato, surti papdi, baby potatoes, valor papdi, green peas",vegetarian,spicy,main course,Gujarat,West,https://i.pinimg.com/736x/42/7e/a2/427ea2b8d28fbaf5efc1f6f7db47e25a.jpg
Veg Kolhapuri,"Gobi, potato, beans, khus khus, coconut",vegetarian,spicy,main course,Maharashtra,West,https://i.pinimg.com/736x/42/7e/a2/427ea2b8d28fbaf5efc1f6f7db47e25a.jpg
Vindaloo,"Chicken, coconut oil, wine vinegar, ginger, green, cinnamon",non vegetarian,spicy,main course,Goa,West,https://i.pinimg.com/736x/42/7e/a2/427ea2b8d28fbaf5efc1f6f7db47e25a.jpg
Lilva Kachori,"Green garlic chutney, fresh green peas, ginger, lemon juice, plain flour",vegetarian,spicy,snack,Gujarat,West,https://i.pinimg.com/736x/42/7e/a2/427ea2b8d28fbaf5efc1f6f7db47e25a.jpg
Mag Dhokli,"Moong beans, jaggery, red chillies, oil, salt",vegetarian,spicy,snack,Gujarat,West,https://i.pinimg.com/736x/42/7e/a2/427ea2b8d28fbaf5efc1f6f7db47e25a.jpg
Khichu,"Rice flour, sesame seeds, baking soda, peanut oil",vegetarian,spicy,snack,Gujarat,West,https://i.pinimg.com/736x/42/7e/a2/427ea2b8d28fbaf5efc1f6f7db47e25a.jpg
Thepla,"Chickpea flour, methi leaves, jowar flour, wheat flour",vegetarian,spicy,snack,Gujarat,West,https://i.pinimg.com/736x/42/7e/a2/427ea2b8d28fbaf5efc1f6f7db47e25a.jpg
Farsi Puri,"Semolina, clarified butter, oil, white flour, black pepper",vegetarian,Try out yourself,snack,Gujarat,West,https://i.pinimg.com/736x/42/7e/a2/427ea2b8d28fbaf5efc1f6f7db47e25a.jpg
Khaman,"Yogurt, fresh coconut, sesame seeds, semolina, gram flour",vegetarian,spicy,snack,Gujarat,West,https://i.pinimg.com/736x/42/7e/a2/427ea2b8d28fbaf5efc1f6f7db47e25a.jpg
Turiya Patra Vatana sabji,"Ridge gourd, baking soda, sugar, grated coconut, peas",vegetarian,spicy,main course,Gujarat,West,https://i.pinimg.com/736x/42/7e/a2/427ea2b8d28fbaf5efc1f6f7db47e25a.jpg
Churma Ladoo,"Whole wheat flour, khus khus, sesame seeds, dry coconut, gur",vegetarian,sweet,dessert,Rajasthan,West,https://i.pinimg.com/736x/42/7e/a2/427ea2b8d28fbaf5efc1f6f7db47e25a.jpg
Cheera Doi,"Rice, mango, curd",vegetarian,sweet,dessert,West Bengal,East,https://i.pinimg.com/736x/42/7e/a2/427ea2b8d28fbaf5efc1f6f7db47e25a.jpg
Gheela Pitha,"Sticky rice, rice flour, jaggery, orange rind",vegetarian,sweet,dessert,Assam,North East,https://i.pinimg.com/736x/42/7e/a2/427ea2b8d28fbaf5efc1f6f7db47e25a.jpg
Khar,"Raw papaya, panch phoran masala, nigella seeds, mustard oil, fennel seeds",vegetarian,Try out yourself,main course,Assam,North East,https://i.pinimg.com/736x/42/7e/a2/427ea2b8d28fbaf5efc1f6f7db47e25a.jpg
Kumol Sawul,"Rice, eggs, carrot, beetroot",non vegetarian,spicy,main course,Assam,North East,https://i.pinimg.com/736x/42/7e/a2/427ea2b8d28fbaf5efc1f6f7db47e25a.jpg
Luchi,"Maida, vegetable oil",vegetarian,Try out yourself,main course,West Bengal,East,https://i.pinimg.com/736x/42/7e/a2/427ea2b8d28fbaf5efc1f6f7db47e25a.jpg
Alu Pitika,"Potatoes, mustard oil, fish, green chillies",non vegetarian,spicy,main course,Assam,North East,https://i.pinimg.com/736x/42/7e/a2/427ea2b8d28fbaf5efc1f6f7db47e25a.jpg
Masor tenga,"Ridge gourd, fish, lemon, tomatoes, mustard oil",non vegetarian,spicy,main course,Assam,North East,https://i.pinimg.com/736x/42/7e/a2/427ea2b8d28fbaf5efc1f6f7db47e25a.jpg
Bengena Pitika,"Brinjal, onions, salt, sesame seeds, coriander",vegetarian,Try out yourself,main course,Assam,North East,https://i.pinimg.com/736x/42/7e/a2/427ea2b8d28fbaf5efc1f6f7db47e25a.jpg
Bilahi Maas,"Potatoes, garam masala, tomatoes, mustard oil, bay leaf",non vegetarian,Try out yourself,main course,Assam,North East,https://i.pinimg.com/736x/42/7e/a2/427ea2b8d28fbaf5efc1f6f7db47e25a.jpg
Black rice,"Forbidden black rice, chicken, olive oil, slivered almonds, garlic powder",non vegetarian,Try out yourself,main course,Manipur,North East,https://i.pinimg.com/736x/42/7e/a2/427ea2b8d28fbaf5efc1f6f7db47e25a.jpg
Bora Sawul,"Biryani masala, mixed vegetables, yellow moong daal, whole red, mustard seeds",vegetarian,spicy,main course,Assam,North East,https://i.pinimg.com/736x/42/7e/a2/427ea2b8d28fbaf5efc1f6f7db47e25a.jpg
Brown Rice,"Brown rice, soy sauce, olive oil",vegetarian,Try out yourself,main course,Sorry! Not Known,Popular all over India,https://i.pinimg.com/736x/42/7e/a2/427ea2b8d28fbaf5efc1f6f7db47e25a.jpg
Chingri malai curry,"Coconut milk, lobster, fresh green chilli, ginger, red onion",non vegetarian,spicy,main course,West Bengal,East,https://i.pinimg.com/736x/42/7e/a2/427ea2b8d28fbaf5efc1f6f7db47e25a.jpg
Goja,"Baking soda, clarified butter, oil, all purpose flour",vegetarian,sweet,dessert,West Bengal,East,https://i.pinimg.com/736x/42/7e/a2/427ea2b8d28fbaf5efc1f6f7db47e25a.jpg
Hando Guri,"Jaggery, raisins",vegetarian,sweet,dessert,Assam,North East,https://i.pinimg.com/736x/42/7e/a2/427ea2b8d28fbaf5efc1f6f7db47e25a.jpg
Haq Maas,"Lamb, garam masala powder, curd, turmeric, bay leaf",non vegetarian,spicy,main course,Assam,North East,https://i.pinimg.com/736x/42/7e/a2/427ea2b8d28fbaf5efc1f6f7db47e25a.jpg
Chingri Bhape,"Coconut, prawns, curd, mustard seed, green chili",non vegetarian,Try out yourself,main course,West Bengal,East,https://i.pinimg.com/736x/42/7e/a2/427ea2b8d28fbaf5efc1f6f7db47e25a.jpg
Kabiraji,"Fish fillet, besan, lemon, mint, ginger",non vegetarian,spicy,main course,West Bengal,East,https://i.pinimg.com/736x/42/7e/a2/427ea2b8d28fbaf5efc1f6f7db47e25a.jpg
Khorisa,"Fermented bamboo shoot, potato, ginger, green, mustard oil",vegetarian,spicy,main course,Assam,North East,https://i.pinimg.com/736x/42/7e/a2/427ea2b8d28fbaf5efc1f6f7db47e25a.jpg
Koldil Chicken,"Banana flower, chicken, green chili, mustard oil, lemon juice",non vegetarian,spicy,main course,Assam,North East,https://i.pinimg.com/736x/42/7e/a2/427ea2b8d28fbaf5efc1f6f7db47e25a.jpg
Konir Dom,"Aloo, tomatoes, mustard oil, bay leaf, cinnamon stick",non vegetarian,spicy,main course,Assam,North East,https://i.pinimg.com/736x/42/7e/a2/427ea2b8d28fbaf5efc1f6f7db47e25a.jpg
Koldil Duck,"Rice flour, mutton, banana, gram flour, olive oil, baking powder",non vegetarian,spicy,main course,Assam,North East,https://i.pinimg.com/736x/42/7e/a2/427ea2b8d28fbaf5efc1f6f7db47e25a.jpg
Masor Koni,"Fish roe, pumpkin flowers, mustard oil, turmeric, tomato",non vegetarian,spicy,main course,Assam,North East,https://i.pinimg.com/736x/42/7e/a2/427ea2b8d28fbaf5efc1f6f7db47e25a.jpg
Mishti Chholar Dal,"Chana dal, fresh coconut, ginger, cinnamon, raisins",vegetarian,sweet,main course,West Bengal,East,https://i.pinimg.com/736x/42/7e/a2/427ea2b8d28fbaf5efc1f6f7db47e25a.jpg
Pakhala,"Curd, cooked rice, curry leaves, dry chilli",vegetarian,Try out yourself,main course,Odisha,East,https://i.pinimg.com/736x/42/7e/a2/427ea2b8d28fbaf5efc1f6f7db47e25a.jpg
Pani Pitha,"Tea leaves, white sesame seeds, dry coconut, soaked rice",vegetarian,Try out yourself,main course,Assam,North East,https://i.pinimg.com/736x/42/7e/a2/427ea2b8d28fbaf5efc1f6f7db47e25a.jpg
Payokh,"Basmati rice, rose water, sugar, clarified butter, cardamom pods",vegetarian,sweet,dessert,Assam,North East,https://i.pinimg.com/736x/42/7e/a2/427ea2b8d28fbaf5efc1f6f7db47e25a.jpg
Prawn malai curry,"Coconut milk, prawns, garlic, turmeric, sugar",non vegetarian,spicy,main course,West Bengal,East,https://i.pinimg.com/736x/42/7e/a2/427ea2b8d28fbaf5efc1f6f7db47e25a.jpg
Red Rice,"Red pepper, red onion, butter, watercress, olive oil",vegetarian,Try out yourself,main course,Sorry! Not Known,Popular all over India,https://i.pinimg.com/736x/42/7e/a2/427ea2b8d28fbaf5efc1f6f7db47e25a.jpg
Shukto,"Green beans, bitter gourd, ridge gourd, banana, brinjal",vegetarian,spicy,main course,West Bengal,East,https://i.pinimg.com/736x/42/7e/a2/427ea2b8d28fbaf5efc1f6f7db47e25a.jpg
Til Pitha,"Glutinous rice, black sesame seeds, gur",vegetarian,sweet,dessert,Assam,North East,https://i.pinimg.com/736x/42/7e/a2/427ea2b8d28fbaf5efc1f6f7db47e25a.jpg
Bebinca,"Coconut milk, egg yolks, clarified butter, all purpose flour",vegetarian,sweet,dessert,Goa,West,https://i.pinimg.com/736x/42/7e/a2/427ea2b8d28fbaf5efc1f6f7db47e25a.jpg
Shufta,"Cottage cheese, dry dates, dried rose petals, pistachio, badam",vegetarian,sweet,dessert,Jammu & Kashmir,North,https://i.pinimg.com/736x/42/7e/a2/427ea2b8d28fbaf5efc1f6f7db47e25a.jpg
Mawa Bati,"Milk powder, dry fruits, arrowroot powder, all purpose flour",vegetarian,sweet,dessert,Madhya Pradesh,Central,https://i.pinimg.com/736x/42/7e/a2/427ea2b8d28fbaf5efc1f6f7db47e25a.jpg
Pinaca,"Brown rice, fennel seeds, grated coconut, black pepper, ginger powder",vegetarian,sweet,dessert,Goa,West,https://i.pinimg.com/736x/42/7e/a2/427ea2b8d28fbaf5efc1f6f7db47e25a.jpg
