name,ingredients,diet,flavor_profile,course,state,region,image,
Balu shahi,"Maida flour, yogurt, oil, sugar",vegetarian,sweet,dessert,West Bengal,East,https://images.news18.com/ibnkhabar/uploads/2020/11/balushahi.jpg,
Boondi,"Gram flour, ghee, sugar",vegetarian,sweet,dessert,Rajasthan,West,https://www.spiceupthecurry.com/wp-content/uploads/2020/08/boondi-ladoo-1.jpg,
Gajar ka halwa,"Carrots, milk, sugar, ghee, cashews, raisins",vegetarian,sweet,dessert,Punjab,North,https://www.spiceupthecurry.com/wp-content/uploads/2020/08/boondi-ladoo-1.jpg,
Ghevar,"Flour, ghee, kewra, milk, clarified butter, sugar, almonds, pistachio, saffron, green cardamom",vegetarian,sweet,dessert,Rajasthan,West,https://upload.wikimedia.org/wikipedia/commons/a/a7/GhevarRajasthaniSweet.jpg,
Gulab jamun,"Milk powder, plain flour, baking powder, ghee, milk, sugar, water, rose water",vegetarian,sweet,dessert,West Bengal,East,https://images.news18.com/ibnkhabar/uploads/2020/12/gulab-jamun.jpg,
Imarti,"Sugar syrup, lentil flour",vegetarian,sweet,dessert,West Bengal,East,https://images.news18.com/ibnkhabar/uploads/2020/12/gulab-jamun.jpg,
Jalebi,"Maida, corn flour, baking soda, vinegar, curd, water, turmeric, saffron, cardamom",vegetarian,sweet,dessert,Uttar Pradesh,North,https://images.news18.com/ibnkhabar/uploads/2020/12/gulab-jamun.jpg,
Kaju katli,"Cashews, ghee, cardamom, sugar",vegetarian,sweet,dessert,Sorry! Not Known,Popular all over India,https://images.news18.com/ibnkhabar/uploads/2020/12/gulab-jamun.jpg,
Kalakand,"Milk, cottage cheese, sugar",vegetarian,sweet,dessert,West Bengal,East,https://images.news18.com/ibnkhabar/uploads/2020/12/gulab-jamun.jpg,
Kheer,"Milk, rice, sugar, dried fruits",vegetarian,sweet,dessert,Sorry! Not Known,Popular all over India,https://images.news18.com/ibnkhabar/uploads/2020/12/gulab-jamun.jpg,
Laddu,"Gram flour, ghee, sugar",vegetarian,sweet,dessert,Sorry! Not Known,Popular all over India,https://images.news18.com/ibnkhabar/uploads/2020/12/gulab-jamun.jpg,
Lassi,"Yogurt, milk, nuts, sugar",vegetarian,sweet,dessert,Punjab,North,https://images.news18.com/ibnkhabar/uploads/2020/12/gulab-jamun.jpg,
Nankhatai,"Refined flour, besan, ghee, powdered sugar, yoghurt, green cardamom",vegetarian,sweet,dessert,Sorry! Not Known,Popular all over India,https://images.news18.com/ibnkhabar/uploads/2020/12/gulab-jamun.jpg,
Petha,"Firm white pumpkin, sugar, kitchen lime, alum powder",vegetarian,sweet,dessert,Uttar Pradesh,North,https://images.news18.com/ibnkhabar/uploads/2020/12/gulab-jamun.jpg,
Phirni,"Rice, sugar, nuts",vegetarian,sweet,dessert,Odisha,East,https://images.news18.com/ibnkhabar/uploads/2020/12/gulab-jamun.jpg,
Rabri,"Condensed milk, sugar, spices, nuts",vegetarian,sweet,dessert,Uttar Pradesh,North,https://images.news18.com/ibnkhabar/uploads/2020/12/gulab-jamun.jpg,
Sheera,"Semolina, ghee, nuts, milk",vegetarian,sweet,dessert,Maharashtra,West,https://images.news18.com/ibnkhabar/uploads/2020/12/gulab-jamun.jpg,
Singori,"Khoa, coconut, molu leaf",vegetarian,sweet,dessert,Uttarakhand,North,https://images.news18.com/ibnkhabar/uploads/2020/12/gulab-jamun.jpg,
Sohan halwa,"Corn flour, ghee, dry fruits",vegetarian,sweet,dessert,Uttar Pradesh,North,https://images.news18.com/ibnkhabar/uploads/2020/12/gulab-jamun.jpg,
Sohan papdi,"Gram flour, ghee, sugar, milk, cardamom",vegetarian,sweet,dessert,Maharashtra,West,https://images.news18.com/ibnkhabar/uploads/2020/12/gulab-jamun.jpg,
Chhena jalebi,"Chhena, sugar, ghee",vegetarian,sweet,dessert,Odisha,East,https://images.news18.com/ibnkhabar/uploads/2020/12/gulab-jamun.jpg,
Chhena kheeri,"Chhena, sugar, milk",vegetarian,sweet,dessert,Odisha,East,https://images.news18.com/ibnkhabar/uploads/2020/12/gulab-jamun.jpg,
Chhena poda,"Sugar, chenna cheese",vegetarian,sweet,dessert,Odisha,East,https://images.news18.com/ibnkhabar/uploads/2020/12/gulab-jamun.jpg,
Cham cham,"Flour, cream, sugar, saffron, lemon juice, coconut flakes",vegetarian,sweet,dessert,West Bengal,East,https://images.news18.com/ibnkhabar/uploads/2020/12/gulab-jamun.jpg,
Kheer sagar,"Chenna, condensed milk, sugar, saffron, cardamom",vegetarian,sweet,dessert,Odisha,East,https://images.news18.com/ibnkhabar/uploads/2020/12/gulab-jamun.jpg,
Ledikeni,"Chhena, sugar, ghee",vegetarian,sweet,dessert,West Bengal,East,https://images.news18.com/ibnkhabar/uploads/2020/12/gulab-jamun.jpg,
Lyangcha,"Flour, fried milk power, sugar syrup",vegetarian,sweet,dessert,Assam,North East,https://images.news18.com/ibnkhabar/uploads/2020/12/gulab-jamun.jpg,
Malapua,"Yoghurt, refined flour, ghee, fennel seeds",vegetarian,sweet,dessert,Bihar,North,https://images.news18.com/ibnkhabar/uploads/2020/12/gulab-jamun.jpg,
Mihidana,"Besan flour, sugar, ghee",vegetarian,sweet,dessert,West Bengal,East,https://images.news18.com/ibnkhabar/uploads/2020/12/gulab-jamun.jpg,
Misti doi,"Milk, jaggery",vegetarian,sweet,dessert,West Bengal,East,https://images.news18.com/ibnkhabar/uploads/2020/12/gulab-jamun.jpg,
Pantua,"Chhena, sugar, ghee, flour",vegetarian,sweet,dessert,West Bengal,East,https://images.news18.com/ibnkhabar/uploads/2020/12/gulab-jamun.jpg,
Pithe,"Rice flour, wheat flour",vegetarian,sweet,dessert,Assam,North East,https://images.news18.com/ibnkhabar/uploads/2020/12/gulab-jamun.jpg,
Rasabali,"Chenna, sweetened milk",vegetarian,sweet,dessert,Odisha,East,https://images.news18.com/ibnkhabar/uploads/2020/12/gulab-jamun.jpg,
Ras malai,"Chhena, reduced milk, pistachio",vegetarian,sweet,dessert,West Bengal,East,https://images.news18.com/ibnkhabar/uploads/2020/12/gulab-jamun.jpg,
Rasgulla,"Chhena, sugar, cardamom",vegetarian,sweet,dessert,West Bengal,East,https://images.news18.com/ibnkhabar/uploads/2020/12/gulab-jamun.jpg,
Sandesh,"Milk, sugar, saffron, cardamom",vegetarian,sweet,dessert,West Bengal,East,https://images.news18.com/ibnkhabar/uploads/2020/12/gulab-jamun.jpg,
Adhirasam,"Rice flour, jaggery, ghee, vegetable oil, elachi",vegetarian,sweet,dessert,West Bengal,East,https://images.news18.com/ibnkhabar/uploads/2020/12/gulab-jamun.jpg,
Ariselu,"Rice flour, jaggery, ghee",vegetarian,sweet,dessert,Andhra Pradesh,South,https://images.news18.com/ibnkhabar/uploads/2020/12/gulab-jamun.jpg,
Bandar laddu,"Besan, jaggery, cardamom powder, ghee, cashews and raisins, jaggery syrup, sugar",vegetarian,sweet,dessert,Andhra Pradesh,South,https://images.news18.com/ibnkhabar/uploads/2020/12/gulab-jamun.jpg,
Chikki,"Peanuts, jaggery",vegetarian,sweet,dessert,Maharashtra,West,https://images.news18.com/ibnkhabar/uploads/2020/12/gulab-jamun.jpg,
Dharwad pedha,"Milk, Sugar, Dharwadi buffalo milk",vegetarian,sweet,dessert,Karnataka,South,https://images.news18.com/ibnkhabar/uploads/2020/12/gulab-jamun.jpg,
Double ka meetha,"Loaf bread, milk",vegetarian,sweet,dessert,Telangana,South,https://images.news18.com/ibnkhabar/uploads/2020/12/gulab-jamun.jpg,
Gavvalu,"Rice flour, sugar, salt, ghee, semolina",vegetarian,sweet,dessert,Andhra Pradesh,South,https://images.news18.com/ibnkhabar/uploads/2020/12/gulab-jamun.jpg,
Kakinada khaja,"Wheat flour, sugar",vegetarian,sweet,dessert,Andhra Pradesh,South,https://images.news18.com/ibnkhabar/uploads/2020/12/gulab-jamun.jpg,
Kuzhi paniyaram,"Black lentils, rice",vegetarian,sweet,dessert,Kerala,South,https://images.news18.com/ibnkhabar/uploads/2020/12/gulab-jamun.jpg,
Mysore pak,"Besan flour, semolina, mung bean, jaggery, coconut, skimmed milk powder, sugar, ghee",vegetarian,sweet,dessert,Karnataka,South,https://images.news18.com/ibnkhabar/uploads/2020/12/gulab-jamun.jpg,
Obbattu holige,"Maida flour, turmeric, coconut, chickpeas, jaggery, ghee, cardamom",vegetarian,sweet,main course,Karnataka,South,https://images.news18.com/ibnkhabar/uploads/2020/12/gulab-jamun.jpg,
Palathalikalu,"Rice flour, milk",vegetarian,sweet,dessert,Andhra Pradesh,South,https://images.news18.com/ibnkhabar/uploads/2020/12/gulab-jamun.jpg,
Poornalu,"Chana dal, jaggery",vegetarian,sweet,dessert,Andhra Pradesh,South,https://images.news18.com/ibnkhabar/uploads/2020/12/gulab-jamun.jpg,
Pongal,"Rice, jaggery, cashews, ghee",vegetarian,sweet,dessert,Tamil Nadu,South,https://images.news18.com/ibnkhabar/uploads/2020/12/gulab-jamun.jpg,
Pootharekulu,"Rice flour, powdered sugar, ghee",vegetarian,sweet,dessert,Andhra Pradesh,South,https://images.news18.com/ibnkhabar/uploads/2020/12/gulab-jamun.jpg,
Qubani ka meetha,"Apricots, sugar syrup",vegetarian,sweet,dessert,Telangana,South,https://images.news18.com/ibnkhabar/uploads/2020/12/gulab-jamun.jpg,
Sheer korma,"Vermicelli pudding, milk",vegetarian,sweet,dessert,Telangana,South,https://images.news18.com/ibnkhabar/uploads/2020/12/gulab-jamun.jpg,
Unni Appam,"Rice flour, banana, jaggery, coconut",vegetarian,sweet,dessert,Tamil Nadu,South,https://images.news18.com/ibnkhabar/uploads/2020/12/gulab-jamun.jpg,
Kajjikaya,"Rice flour, jaggery, coconut",vegetarian,sweet,dessert,Andhra Pradesh,South,https://images.news18.com/ibnkhabar/uploads/2020/12/gulab-jamun.jpg,
Anarsa,"Rice flour, jaggery, khus-khus seeds",vegetarian,sweet,dessert,Maharashtra,West,https://images.news18.com/ibnkhabar/uploads/2020/12/gulab-jamun.jpg,
Basundi,"Sugar, milk, nuts",vegetarian,sweet,dessert,Gujarat,West,https://images.news18.com/ibnkhabar/uploads/2020/12/gulab-jamun.jpg,
Dhondas,"Cucumber, rava",vegetarian,sweet,dessert,Maharashtra,West,https://images.news18.com/ibnkhabar/uploads/2020/12/gulab-jamun.jpg,
Doodhpak,"Milk, rice, sugar, dry fruits",vegetarian,sweet,dessert,Gujarat,West,https://images.news18.com/ibnkhabar/uploads/2020/12/gulab-jamun.jpg,
Mahim halwa,"Semolina, sugar",vegetarian,sweet,dessert,Maharashtra,West,https://images.news18.com/ibnkhabar/uploads/2020/12/gulab-jamun.jpg,
Modak,"Rice flour, coconut, jaggery ",vegetarian,sweet,dessert,Maharashtra,West,https://images.news18.com/ibnkhabar/uploads/2020/12/gulab-jamun.jpg,
Shankarpali,"Sugar, ghee, maida flour, semolina",vegetarian,sweet,dessert,Maharashtra,West,https://images.news18.com/ibnkhabar/uploads/2020/12/gulab-jamun.jpg,
Shrikhand,"Curd, sugar, saffron, cardamom",vegetarian,sweet,dessert,Maharashtra,West,https://images.news18.com/ibnkhabar/uploads/2020/12/gulab-jamun.jpg,
Sutar feni,"Maida, sugar, ghee",vegetarian,sweet,dessert,Maharashtra,West,https://images.news18.com/ibnkhabar/uploads/2020/12/gulab-jamun.jpg,
Maach Jhol,"Fish, potol, tomato, chillies, ginger, garlic",non vegetarian,spicy,main course,Assam,North East,https://images.news18.com/ibnkhabar/uploads/2020/12/gulab-jamun.jpg,
Pork Bharta,"Boiled pork, onions, chillies, ginger and garlic",non vegetarian,spicy,main course,Tripura,North East,https://images.news18.com/ibnkhabar/uploads/2020/12/gulab-jamun.jpg,
Chak Hao Kheer,"Rice, milk, sugar, cardamom",vegetarian,sweet,dessert,Manipur,North East,https://images.news18.com/ibnkhabar/uploads/2020/12/gulab-jamun.jpg,
Galho,"Rice, axone, salt, water, chillies, pork",non vegetarian,spicy,main course,Nagaland,North East,https://images.news18.com/ibnkhabar/uploads/2020/12/gulab-jamun.jpg,
Aloo gobi,"Cauliflower, potato, garam masala, turmeric, curry leaves",vegetarian,spicy,main course,Punjab,North,https://images.news18.com/ibnkhabar/uploads/2020/12/gulab-jamun.jpg,
Aloo tikki,"Rice flour, potato, bread crumbs, garam masala, salt",vegetarian,spicy,main course,Punjab,North,https://images.news18.com/ibnkhabar/uploads/2020/12/gulab-jamun.jpg,
Aloo matar,"Potato, peas, chillies, ginger, garam masala, garlic",vegetarian,spicy,main course,Punjab,North,https://images.news18.com/ibnkhabar/uploads/2020/12/gulab-jamun.jpg,
Aloo methi,"Potato, fenugreek leaves, chillies, salt, oil",vegetarian,bitter,main course,Punjab,North,https://images.news18.com/ibnkhabar/uploads/2020/12/gulab-jamun.jpg,
Aloo shimla mirch,"Potato, shimla mirch, garam masala, amchur powder, salt",vegetarian,spicy,main course,Punjab,North,https://images.news18.com/ibnkhabar/uploads/2020/12/gulab-jamun.jpg,
Bhatura,"Chole, rava, yogurt, plain flour, baking soda",vegetarian,spicy,main course,Punjab,North,https://images.news18.com/ibnkhabar/uploads/2020/12/gulab-jamun.jpg,
Bhindi masala,"Ladies finger, garam masala, kasuri methi, tomatoes, chili powder",vegetarian,spicy,main course,Punjab,North,https://images.news18.com/ibnkhabar/uploads/2020/12/gulab-jamun.jpg,
Biryani,"Chicken thighs, basmati rice, star anise, sweet, green chillies",non vegetarian,spicy,main course,Telangana,South,https://images.news18.com/ibnkhabar/uploads/2020/12/gulab-jamun.jpg,
Butter chicken,"Chicken, greek yogurt, cream, garam masala powder, cashew nuts, butter",non vegetarian,spicy,main course,NCT of Delhi,North,https://images.news18.com/ibnkhabar/uploads/2020/12/gulab-jamun.jpg,
Chana masala,"Chickpeas, tomato paste, garam masala, ginger, red onion, avocado oil",vegetarian,spicy,main course,Punjab,North,https://images.news18.com/ibnkhabar/uploads/2020/12/gulab-jamun.jpg,
Chapati,"Whole wheat flour, olive oil, hot water, all purpose flour",vegetarian,Try out yourself,main course,Maharashtra,West,https://images.news18.com/ibnkhabar/uploads/2020/12/gulab-jamun.jpg,
Chicken razala,"Chicken, dahi, sesame seeds, garam masala powder, cashew nuts, saffron",non vegetarian,spicy,main course,West Bengal,East,https://images.news18.com/ibnkhabar/uploads/2020/12/gulab-jamun.jpg,
Chicken Tikka masala,"Naan bread, tomato sauce, skinless chicken breasts, heavy cream, garam masala",non vegetarian,spicy,main course,Punjab,North,https://images.news18.com/ibnkhabar/uploads/2020/12/gulab-jamun.jpg,
Chicken Tikka,"Chicken, whole wheat bread, rice flour, garam masala powder, whole egg",non vegetarian,spicy,starter,Punjab,North,https://images.news18.com/ibnkhabar/uploads/2020/12/gulab-jamun.jpg,
Chole bhature,"Chole, bhatura, garam masala, bay leaf, cinnamon stick",vegetarian,spicy,main course,Punjab,North,https://images.news18.com/ibnkhabar/uploads/2020/12/gulab-jamun.jpg,
Daal baati churma,"Moong dal, masoor dal, chana dal, wheat flour, almond",vegetarian,spicy,main course,Rajasthan,West,https://images.news18.com/ibnkhabar/uploads/2020/12/gulab-jamun.jpg,
Daal puri,"Moong dal, garam masala powder, garlic, green chilli, all purpose flour",vegetarian,spicy,main course,West Bengal,East,https://images.news18.com/ibnkhabar/uploads/2020/12/gulab-jamun.jpg,
Dal makhani ,"Red kidney beans, urad dal, cream, garam masala, chili powder",vegetarian,sweet,main course,Punjab,North,https://images.news18.com/ibnkhabar/uploads/2020/12/gulab-jamun.jpg,
Dal tadka,"Pigeon peas, garam masala, ginger, red onion, kasuri methi",vegetarian,spicy,main course,Punjab,North,https://images.news18.com/ibnkhabar/uploads/2020/12/gulab-jamun.jpg,
Dum aloo,"Baby potatoes, garam masala, cashew nuts, kasuri methi, tomatoes",vegetarian,spicy,main course,Jammu & Kashmir,North,https://images.news18.com/ibnkhabar/uploads/2020/12/gulab-jamun.jpg,
Poha,"Beaten rice flakes, potato, curry leaves, green chilies, lemon juice",vegetarian,spicy,snack,Maharashtra,West,https://images.news18.com/ibnkhabar/uploads/2020/12/gulab-jamun.jpg,
Fara,"Chana dal, whole wheat flour, arhar dal, white urad dal, garam masala powder",vegetarian,spicy,snack,Chhattisgarh,Central,https://images.news18.com/ibnkhabar/uploads/2020/12/gulab-jamun.jpg,
Kachori,"Moong dal, rava, garam masala, dough, fennel seeds",vegetarian,spicy,snack,Uttar Pradesh,North,https://images.news18.com/ibnkhabar/uploads/2020/12/gulab-jamun.jpg,
Kadai paneer,"Cottage cheese, bell peppers, gravy, garam masala, cashew nuts",vegetarian,spicy,main course,Punjab,North,https://images.news18.com/ibnkhabar/uploads/2020/12/gulab-jamun.jpg,
Kadhi pakoda,"Besan, garam masala powder, gram flour, ginger, curry leaves",vegetarian,spicy,main course,Haryana,North,https://images.news18.com/ibnkhabar/uploads/2020/12/gulab-jamun.jpg,
Karela bharta,"Bitter gourd, fennel, garam masala powder, chili powder, amchur powder",vegetarian,bitter,main course,Punjab,North,https://images.news18.com/ibnkhabar/uploads/2020/12/gulab-jamun.jpg,
Khichdi,"Moong dal, green peas, ginger, tomato, green chili",vegetarian,spicy,main course,Sorry! Not Known,Popular all over India,https://images.news18.com/ibnkhabar/uploads/2020/12/gulab-jamun.jpg,
Kofta,"Paneer, potato, cream, corn flour, garam masala",vegetarian,spicy,main course,Uttar Pradesh,North,https://images.news18.com/ibnkhabar/uploads/2020/12/gulab-jamun.jpg,
Kulfi falooda,"Rose syrup, falooda sev, mixed nuts, saffron, sugar",vegetarian,sweet,dessert,Sorry! Not Known,Popular all over India,https://images.news18.com/ibnkhabar/uploads/2020/12/gulab-jamun.jpg,
Lauki ke kofte,"Bottle gourd, garam masala powder, gram flour, ginger, chillies",vegetarian,spicy,main course,Uttar Pradesh,North,https://images.news18.com/ibnkhabar/uploads/2020/12/gulab-jamun.jpg,
Lauki ki subji,"Bottle gourd, coconut oil, garam masala, ginger, green chillies",vegetarian,spicy,main course,Sorry! Not Known,Popular all over India,https://images.news18.com/ibnkhabar/uploads/2020/12/gulab-jamun.jpg,
Litti chokha,"Wheat flour, roasted gram flour, tomato, nigella seeds, chilli",vegetarian,spicy,main course,Bihar,North,https://images.news18.com/ibnkhabar/uploads/2020/12/gulab-jamun.jpg,
Makki di roti sarson da saag,"Palak, makki atta, mustard green, garam masala, ginger",vegetarian,spicy,main course,Punjab,North,https://images.news18.com/ibnkhabar/uploads/2020/12/gulab-jamun.jpg,
Misi roti,"Whole wheat flour, chickpea flour, green chilies",vegetarian,spicy,main course,Punjab,North,https://images.news18.com/ibnkhabar/uploads/2020/12/gulab-jamun.jpg,
Mushroom do pyaza,"Mushroom, malai, garam masala, ginger, capsicum",vegetarian,spicy,main course,Punjab,North,https://images.news18.com/ibnkhabar/uploads/2020/12/gulab-jamun.jpg,
Mushroom matar,"Canned coconut milk, frozen green peas, wild mushrooms, garam masala, tomatoes",vegetarian,spicy,main course,Punjab,North,https://images.news18.com/ibnkhabar/uploads/2020/12/gulab-jamun.jpg,
Naan,"Whole wheat flour, honey, butter, garlic",vegetarian,Try out yourself,main course,Punjab,North,https://images.news18.com/ibnkhabar/uploads/2020/12/gulab-jamun.jpg,
Navrattan korma,"Green beans, potatoes, khus khus, low fat, garam masala powder",vegetarian,spicy,main course,Uttar Pradesh,North,https://images.news18.com/ibnkhabar/uploads/2020/12/gulab-jamun.jpg,
Palak paneer,"Cottage cheese, palak, cream, garam masala, butter",vegetarian,spicy,main course,Punjab,North,https://images.news18.com/ibnkhabar/uploads/2020/12/gulab-jamun.jpg,
Paneer butter masala,"Paneer, whipping cream, garam masala, cashew nuts, butter",vegetarian,spicy,main course,Punjab,North,https://images.news18.com/ibnkhabar/uploads/2020/12/gulab-jamun.jpg,
Paneer tikka masala,"Paneer, greek yogurt, tandoori masala, cream, bell pepper",vegetarian,spicy,main course,Punjab,North,https://images.news18.com/ibnkhabar/uploads/2020/12/gulab-jamun.jpg,
Pani puri,"Kala chana, mashed potato, boondi, sev, lemon",vegetarian,spicy,snack,Sorry! Not Known,Popular all over India,https://images.news18.com/ibnkhabar/uploads/2020/12/gulab-jamun.jpg,
Panjeeri,"Whole wheat flour, musk melon seeds, poppy seeds, edible gum, semolina",vegetarian,sweet,dessert,Uttar Pradesh,North,https://images.news18.com/ibnkhabar/uploads/2020/12/gulab-jamun.jpg,
Papad,"Urad dal, sev, lemon juice, chopped tomatoes",vegetarian,spicy,snack,Sorry! Not Known,Popular all over India,https://images.news18.com/ibnkhabar/uploads/2020/12/gulab-jamun.jpg,
Paratha,"Wheat flour, butter, potato, coriander",vegetarian,spicy,main course,Punjab,North,https://images.news18.com/ibnkhabar/uploads/2020/12/gulab-jamun.jpg,
Pattor,"Arbi ke patte, sesame seeds, gur, bengal gram flour, imli",vegetarian,spicy,main course,Rajasthan,West,https://images.news18.com/ibnkhabar/uploads/2020/12/gulab-jamun.jpg,
Pindi chana,"Fennel, tea bags, tomato, kasuri methi, cinnamon",vegetarian,spicy,main course,Punjab,North,https://images.news18.com/ibnkhabar/uploads/2020/12/gulab-jamun.jpg,
Rajma chaval,"Red kidney beans, garam masala powder, ginger, tomato, mustard oil",vegetarian,spicy,main course,Sorry! Not Known,North,https://images.news18.com/ibnkhabar/uploads/2020/12/gulab-jamun.jpg,
Rongi,"Garam masala powder, tomato, kasuri methi, cinnamon, mustard oil",vegetarian,Try out yourself,main course,Punjab,North,https://images.news18.com/ibnkhabar/uploads/2020/12/gulab-jamun.jpg,
Samosa,"Potatoes, green peas, garam masala, ginger, dough",vegetarian,spicy,snack,Sorry! Not Known,Popular all over India,https://images.news18.com/ibnkhabar/uploads/2020/12/gulab-jamun.jpg,
Sattu ki roti,"Sattu, atta, dough, filling, mustard oil",vegetarian,spicy,main course,Bihar,North,https://images.news18.com/ibnkhabar/uploads/2020/12/gulab-jamun.jpg,
Shahi paneer,"Cottage cheese, malai, garam masala, ginger, tomato",vegetarian,spicy,main course,Punjab,North,https://images.news18.com/ibnkhabar/uploads/2020/12/gulab-jamun.jpg,
Shahi tukra,"Rose water, milk, white bread slices, saffron, almonds",vegetarian,sweet,dessert,Telangana,South,https://images.news18.com/ibnkhabar/uploads/2020/12/gulab-jamun.jpg,
Vegetable jalfrezi,"Baby corn, french beans, garam masala, ginger, carrot",vegetarian,spicy,main course,Punjab,North,https://images.news18.com/ibnkhabar/uploads/2020/12/gulab-jamun.jpg,
Tandoori Chicken,"Greek yogurt, garam masala, kasuri methi, marinade, mustard oil",non vegetarian,spicy,main course,Punjab,North,https://images.news18.com/ibnkhabar/uploads/2020/12/gulab-jamun.jpg,
Tandoori Fish Tikka,"Chickpea flour, biryani masala powder, yogurt, fish fillets, green bell pepper",non vegetarian,spicy,starter,Punjab,North,https://images.news18.com/ibnkhabar/uploads/2020/12/gulab-jamun.jpg,
Attu,"Whole wheat flour, arhar dal, ginger, kala jeera, green chilli",vegetarian,spicy,snack,Andhra Pradesh,South,https://images.news18.com/ibnkhabar/uploads/2020/12/gulab-jamun.jpg,
Avial,"Raw banana, elephant foot yam, long beans, tindora, urad dal",vegetarian,spicy,main course,Kerala,South,https://images.news18.com/ibnkhabar/uploads/2020/12/gulab-jamun.jpg,
Bisi bele bath,"Split pigeon peas, chana dal, urad dal, green peas, french beans",vegetarian,spicy,main course,Karnataka,South,https://images.news18.com/ibnkhabar/uploads/2020/12/gulab-jamun.jpg,
Currivepillai sadam ,"Chana dal, urad dal, fresh coconut, sesame seeds, curry leaves",vegetarian,spicy,main course,Tamil Nadu,South,https://images.news18.com/ibnkhabar/uploads/2020/12/gulab-jamun.jpg,
Dosa,"Chana dal, urad dal, whole urad dal, blend rice, rock salt",vegetarian,spicy,snack,Sorry! Not Known,South,https://images.news18.com/ibnkhabar/uploads/2020/12/gulab-jamun.jpg,
Idiappam,"Rice flour, hot water, grated coconut",vegetarian,spicy,snack,Tamil Nadu,South,https://images.news18.com/ibnkhabar/uploads/2020/12/gulab-jamun.jpg,
Idli,"Split urad dal, urad dal, idli rice, thick poha, rock salt",vegetarian,spicy,snack,Sorry! Not Known,South,https://images.news18.com/ibnkhabar/uploads/2020/12/gulab-jamun.jpg,
Kanji,"Carrot, yellow mustard, red chilli, black salt",vegetarian,Try out yourself,snack,Kerala,South,https://images.news18.com/ibnkhabar/uploads/2020/12/gulab-jamun.jpg,
Kaara kozhambu,"Sesame oil, drumstick, tamarind paste, sambar powder, tomato",vegetarian,spicy,main course,Tamil Nadu,South,https://images.news18.com/ibnkhabar/uploads/2020/12/gulab-jamun.jpg,
Keerai kootu,"Moong dal, chana dal, spinach, urad dal, coconut oil",vegetarian,spicy,main course,Tamil Nadu,South,https://images.news18.com/ibnkhabar/uploads/2020/12/gulab-jamun.jpg,
Keerai masiyal,"Urad dal, curry leaves, sugar, mustard seeds, spinach",vegetarian,spicy,main course,Tamil Nadu,South,https://images.news18.com/ibnkhabar/uploads/2020/12/gulab-jamun.jpg,
Keerai sadam,"Greens, tomato, mustard seeds, fenugreek seeds",vegetarian,spicy,main course,Tamil Nadu,South,https://images.news18.com/ibnkhabar/uploads/2020/12/gulab-jamun.jpg,
Keerai poriyal,"Amaranth leaves, split urad dal, mustard seeds, grated coconut, red chili",vegetarian,spicy,main course,Tamil Nadu,South,https://images.news18.com/ibnkhabar/uploads/2020/12/gulab-jamun.jpg,
Beef Fry,"Beef, coconut, garam masala, curry leaves, green chilies, chili powder",non vegetarian,spicy,main course,Kerala,South,https://images.news18.com/ibnkhabar/uploads/2020/12/gulab-jamun.jpg,
Kootu,"Chana dal, urad dal, potato, beans, peas",vegetarian,spicy,main course,Tamil Nadu,South,https://images.news18.com/ibnkhabar/uploads/2020/12/gulab-jamun.jpg,
Kos kootu,"Moong dal, chana dal, cabbage, tamarind, curry leaves",vegetarian,spicy,main course,Tamil Nadu,South,https://images.news18.com/ibnkhabar/uploads/2020/12/gulab-jamun.jpg,
Koshambri,"Moong dal, cucumber, curry leaves, green chili, lemon juice",vegetarian,spicy,main course,Karnataka,South,https://images.news18.com/ibnkhabar/uploads/2020/12/gulab-jamun.jpg,
Kothamali sadam,"Chana dal, urad dal, gooseberry, raw rice, curry leaves",vegetarian,spicy,main course,Tamil Nadu,South,https://images.news18.com/ibnkhabar/uploads/2020/12/gulab-jamun.jpg,
Kuzhakkattai,"Sesame oil, raw rice, jaggery, grated coconut",vegetarian,spicy,main course,Tamil Nadu,South,https://images.news18.com/ibnkhabar/uploads/2020/12/gulab-jamun.jpg,
Kuzhambu,"Pearl onions, urad dal, drumsticks, tomato, curry leaves",vegetarian,spicy,main course,Tamil Nadu,South,https://images.news18.com/ibnkhabar/uploads/2020/12/gulab-jamun.jpg,
Masala Dosa,"Chana dal, urad dal, potatoes, idli rice, thick poha",vegetarian,spicy,snack,Sorry! Not Known,South,https://images.news18.com/ibnkhabar/uploads/2020/12/gulab-jamun.jpg,
Pachadi,"Coconut oil, cucumber, curd, curry leaves, mustard seeds",vegetarian,Try out yourself,main course,Sorry! Not Known,South,https://images.news18.com/ibnkhabar/uploads/2020/12/gulab-jamun.jpg,
Paniyaram,"Yogurt, ginger, curry leaves, baking soda, green chilli",vegetarian,Try out yourself,main course,Tamil Nadu,South,https://images.news18.com/ibnkhabar/uploads/2020/12/gulab-jamun.jpg,
Papadum,"Lentils, black pepper, vegetable oil",vegetarian,spicy,snack,Kerala,South,https://images.news18.com/ibnkhabar/uploads/2020/12/gulab-jamun.jpg,
Paravannam,"Raw rice,  jaggery, milk",vegetarian,spicy,main course,Kerala,South,https://images.news18.com/ibnkhabar/uploads/2020/12/gulab-jamun.jpg,
Payasam,"Rice, cashew nuts, milk, raisins, sugar",vegetarian,sweet,dessert,Sorry! Not Known,South,https://images.news18.com/ibnkhabar/uploads/2020/12/gulab-jamun.jpg,
Paruppu sadam,"Arhar dal, sambar powder, tomato, curry leaves, fennel seeds",vegetarian,Try out yourself,main course,Tamil Nadu,South,https://images.news18.com/ibnkhabar/uploads/2020/12/gulab-jamun.jpg,
Pesarattu,"Green moong beans, rice flour",vegetarian,spicy,snack,Andhra Pradesh,South,https://images.news18.com/ibnkhabar/uploads/2020/12/gulab-jamun.jpg,
Poriyal,"Chana dal, urad dal, beans, coconut, mustard",vegetarian,spicy,main course,Tamil Nadu,South,https://images.news18.com/ibnkhabar/uploads/2020/12/gulab-jamun.jpg,
Puli sadam,"Urad dal, lemon, tamarind, cooked rice, curry leaves",vegetarian,Try out yourself,main course,Tamil Nadu,South,https://images.news18.com/ibnkhabar/uploads/2020/12/gulab-jamun.jpg,
Rasam,"Tomato, curry leaves, garlic, mustard seeds, hot water",vegetarian,spicy,main course,Sorry! Not Known,South,https://images.news18.com/ibnkhabar/uploads/2020/12/gulab-jamun.jpg,
Puttu,"Brown rice flour, sugar, grated coconut",vegetarian,Try out yourself,main course,Kerala,South,https://images.news18.com/ibnkhabar/uploads/2020/12/gulab-jamun.jpg,
Sambar,"Pigeon peas, eggplant, drumsticks, sambar powder, tamarind",vegetarian,spicy,main course,Sorry! Not Known,South,https://images.news18.com/ibnkhabar/uploads/2020/12/gulab-jamun.jpg,
Sandige,"Thin rice flakes, black sesame seeds, curry leaves",vegetarian,Try out yourself,main course,Karnataka,South,https://images.news18.com/ibnkhabar/uploads/2020/12/gulab-jamun.jpg,
Sevai,"Sevai, parboiled rice, steamer",vegetarian,Try out yourself,main course,Sorry! Not Known,South,https://images.news18.com/ibnkhabar/uploads/2020/12/gulab-jamun.jpg,
Thayir sadam,"Urad dal, curd, sesame oil, ginger, curry leaves, mustard seeds",vegetarian,Try out yourself,main course,Tamil Nadu,South,https://images.news18.com/ibnkhabar/uploads/2020/12/gulab-jamun.jpg,
Theeyal,"Coconut, whole red beans, masala, sesame oil, tamarind",vegetarian,Try out yourself,main course,Kerala,South,https://images.news18.com/ibnkhabar/uploads/2020/12/gulab-jamun.jpg,
Uttapam,"Chana dal, urad dal, thick poha, tomato, butter",vegetarian,spicy,snack,Sorry! Not Known,South,https://images.news18.com/ibnkhabar/uploads/2020/12/gulab-jamun.jpg,
Vada,"Urad dal, ginger, curry leaves, green chilies, black pepper",vegetarian,spicy,snack,Sorry! Not Known,South,https://images.news18.com/ibnkhabar/uploads/2020/12/gulab-jamun.jpg,
Chicken Varuval,"Meat curry powder, chicken chunks, ginger, tomato, cinnamon",non vegetarian,spicy,main course,Tamil Nadu,South,https://images.news18.com/ibnkhabar/uploads/2020/12/gulab-jamun.jpg,
Upma,"Chana dal, urad dal, ginger, curry leaves, sugar",vegetarian,spicy,snack,Sorry! Not Known,Popular all over India,https://images.news18.com/ibnkhabar/uploads/2020/12/gulab-jamun.jpg,
Amti,"Kala masala, arhar dal, curry leaves, mustard seeds, hot water",vegetarian,spicy,main course,Maharashtra,West,https://images.news18.com/ibnkhabar/uploads/2020/12/gulab-jamun.jpg,
Zunka,"Gram flour, mustard, garlic, turmeric, red chilli",vegetarian,spicy,main course,Maharashtra,West,https://images.news18.com/ibnkhabar/uploads/2020/12/gulab-jamun.jpg,
Kolim Jawla,"Baingan, fish, coconut oil, fresh coconut, ginger",non vegetarian,spicy,main course,Maharashtra,West,https://images.news18.com/ibnkhabar/uploads/2020/12/gulab-jamun.jpg,
Saath,"Urad dal, potatoes, wheat flour, sooji",vegetarian,spicy,main course,Gujarat,West,https://images.news18.com/ibnkhabar/uploads/2020/12/gulab-jamun.jpg,
Bajri no rotlo,"Wheat flour, pearl millet flour, hot water",vegetarian,spicy,main course,Gujarat,West,https://images.news18.com/ibnkhabar/uploads/2020/12/gulab-jamun.jpg,
Coconut vadi,"Condensed milk, mawa, desiccated coconut, almonds, cashews",vegetarian,sweet,dessert,Maharashtra,West,https://images.news18.com/ibnkhabar/uploads/2020/12/gulab-jamun.jpg,
Bhakri,"Jowar flour, sesame seeds",vegetarian,Try out yourself,main course,Maharashtra,West,https://images.news18.com/ibnkhabar/uploads/2020/12/gulab-jamun.jpg,
Bombil fry,"Bombay duck, malvani masala, rice flour, bombay rava, green chilies",non vegetarian,spicy,main course,Maharashtra,West,https://images.news18.com/ibnkhabar/uploads/2020/12/gulab-jamun.jpg,
Chakali,"Rice flour, sesame, plain flour, turmeric, red chilli",vegetarian,spicy,snack,Maharashtra,West,https://images.news18.com/ibnkhabar/uploads/2020/12/gulab-jamun.jpg,
Chevdo,"Citric acid, fry, raisins, sugar, chana daal",vegetarian,spicy,snack,Gujarat,West,https://images.news18.com/ibnkhabar/uploads/2020/12/gulab-jamun.jpg,
Chorafali,"Urad dal, bengal gram flour, dried mango, baking soda, black salt",vegetarian,spicy,snack,Gujarat,West,https://images.news18.com/ibnkhabar/uploads/2020/12/gulab-jamun.jpg,
Copra paak,"Condensed milk, nestle cream, coconut ice, red food coloring, desiccated coconut",vegetarian,Try out yourself,main course,Gujarat,West,https://images.news18.com/ibnkhabar/uploads/2020/12/gulab-jamun.jpg,
Daal Dhokli,"Whole wheat flour, dal, kokum, gur, bengal gram flour",vegetarian,spicy,main course,Gujarat,West,https://images.news18.com/ibnkhabar/uploads/2020/12/gulab-jamun.jpg,
Kutchi dabeli,"Pav, aloo, peanut, pomegranate, star anise",vegetarian,spicy,snack,Gujarat,West,https://images.news18.com/ibnkhabar/uploads/2020/12/gulab-jamun.jpg,
Dahi vada,"Urad dal, bhuna chana, garam masala, dates, tamarind",vegetarian,Try out yourself,snack,Maharashtra,West,https://images.news18.com/ibnkhabar/uploads/2020/12/gulab-jamun.jpg,
Dalithoy,"Arhar dal, coconut oil, curry leaves, mustard seeds, red chilli",vegetarian,Try out yourself,main course,Maharashtra,West,https://images.news18.com/ibnkhabar/uploads/2020/12/gulab-jamun.jpg,
Dhokla,"Rava, coconut, gram flour, mustard, sesame",vegetarian,spicy,snack,Gujarat,West,https://images.news18.com/ibnkhabar/uploads/2020/12/gulab-jamun.jpg,
Dudhi halwa,"Bottle gourd, green, raisins, sugar, clarified butter",vegetarian,sweet,dessert,Gujarat,West,https://images.news18.com/ibnkhabar/uploads/2020/12/gulab-jamun.jpg,
Gatta curry,"Yogurt, besan, sauce, garam masala powder, gram flour",vegetarian,spicy,main course,Rajasthan,West,https://images.news18.com/ibnkhabar/uploads/2020/12/gulab-jamun.jpg,
Gud papdi,"Wheat flour, jaggery, clarified butter, sliced almonds",vegetarian,sweet,dessert,Gujarat,West,https://images.news18.com/ibnkhabar/uploads/2020/12/gulab-jamun.jpg,
Ghooghra,"Dry fruits, semolina, all purpose flour",vegetarian,spicy,snack,Gujarat,West,https://images.news18.com/ibnkhabar/uploads/2020/12/gulab-jamun.jpg,
Handwo,"Bottle gourd, chana dal, cabbage, urad dal, toor dal",vegetarian,spicy,snack,Gujarat,West,https://images.news18.com/ibnkhabar/uploads/2020/12/gulab-jamun.jpg,
Halvasan,"Whole wheat rava, chia seed, lemon, edible gum, litre milk",vegetarian,sweet,dessert,Gujarat,West,https://images.news18.com/ibnkhabar/uploads/2020/12/gulab-jamun.jpg,
Jeera Aloo,"Green chilies, lemon juice, chili powder, boiled potatoes",vegetarian,spicy,main course,Gujarat,West,https://images.news18.com/ibnkhabar/uploads/2020/12/gulab-jamun.jpg,
Kansar,"Wheat flour, cashews, rapeseed oil",vegetarian,Try out yourself,main course,Gujarat,West,https://images.news18.com/ibnkhabar/uploads/2020/12/gulab-jamun.jpg,
Keri no ras,"Mango, sugar",vegetarian,sour,main course,Gujarat,West,https://images.news18.com/ibnkhabar/uploads/2020/12/gulab-jamun.jpg,
Khakhra,"Whole wheat flour, low fat, bengal gram flour",vegetarian,spicy,snack,Gujarat,West,https://images.news18.com/ibnkhabar/uploads/2020/12/gulab-jamun.jpg,
Khandvi,"Green chili paste, white sesame seeds, gram flour, curry leaves, green chili",vegetarian,spicy,snack,Gujarat,West,https://images.news18.com/ibnkhabar/uploads/2020/12/gulab-jamun.jpg,
Kombdi vade,"Rice flour, urad dal, wheat flour, gram flour, turmeric",vegetarian,spicy,snack,Maharashtra,West,https://images.news18.com/ibnkhabar/uploads/2020/12/gulab-jamun.jpg,
Laapsi,"Cinnamon, jaggery, clarified butter, dry roasted",vegetarian,spicy,main course,Madhya Pradesh,Central,https://images.news18.com/ibnkhabar/uploads/2020/12/gulab-jamun.jpg,
Koshimbir,"Cucumber, carrot, tomatoes, cilantro",vegetarian,spicy,main course,Maharashtra,West,https://images.news18.com/ibnkhabar/uploads/2020/12/gulab-jamun.jpg,
Methi na Gota,"Rava, gram flour, lemon juice, turmeric, fenugreek leaves",vegetarian,bitter,main course,Gujarat,West,https://images.news18.com/ibnkhabar/uploads/2020/12/gulab-jamun.jpg,
Mohanthal,"Rose water, pistachio, badam, bengal gram flour, saffron",vegetarian,sweet,dessert,Gujarat,West,https://images.news18.com/ibnkhabar/uploads/2020/12/gulab-jamun.jpg,
Muthiya,"Bottle gourd, whole wheat flour, rava, sesame seeds, bengal gram flour",vegetarian,bitter,snack,Gujarat,West,https://images.news18.com/ibnkhabar/uploads/2020/12/gulab-jamun.jpg,
Patra,"Arbi ke patte, sesame seeds, gur, bengal gram flour, imli",vegetarian,spicy,snack,Gujarat,West,https://images.news18.com/ibnkhabar/uploads/2020/12/gulab-jamun.jpg,
Pav Bhaji,"Pav bhaji masala, gobi, potatoes, green peas, dinner rolls",vegetarian,spicy,main course,Maharashtra,West,https://images.news18.com/ibnkhabar/uploads/2020/12/gulab-jamun.jpg,
Puri Bhaji,"Aloo, urad dal, mustard, ginger, curry leaves",vegetarian,spicy,main course,Maharashtra,West,https://images.news18.com/ibnkhabar/uploads/2020/12/gulab-jamun.jpg,
Sabudana Khichadi,"Raw peanuts, sabudana, lemon, avocado oil, curry leaves, green chili",vegetarian,spicy,snack,Maharashtra,West,https://images.news18.com/ibnkhabar/uploads/2020/12/gulab-jamun.jpg,
Sev khamani,"Khaman, pomegranate, sev, powdered sugar, garlic",vegetarian,spicy,main course,Gujarat,West,https://images.news18.com/ibnkhabar/uploads/2020/12/gulab-jamun.jpg,
Sev tameta,"Sev, ginger, tomato, sugar",vegetarian,spicy,main course,Gujarat,West,https://images.news18.com/ibnkhabar/uploads/2020/12/gulab-jamun.jpg,
Namakpara,"Wheat flour, baking soda, all purpose flour, black pepper, sunflower oil",vegetarian,spicy,snack,Gujarat,West,https://images.news18.com/ibnkhabar/uploads/2020/12/gulab-jamun.jpg,
Sukhdi,"Whole wheat flour, gur, clarified butter",vegetarian,sweet,dessert,Maharashtra,West,https://images.news18.com/ibnkhabar/uploads/2020/12/gulab-jamun.jpg,
Surnoli,"Rice flakes, yogurt, raw rice, jaggery, grated coconut",vegetarian,spicy,snack,Maharashtra,West,https://images.news18.com/ibnkhabar/uploads/2020/12/gulab-jamun.jpg,
Thalipeeth,"Whole wheat flour, rice flour, pearl millet flour, sorghum flour, sesame seeds",vegetarian,spicy,main course,Maharashtra,West,https://images.news18.com/ibnkhabar/uploads/2020/12/gulab-jamun.jpg,
Undhiyu,"Sweet potato, surti papdi, baby potatoes, valor papdi, green peas",vegetarian,spicy,main course,Gujarat,West,https://images.news18.com/ibnkhabar/uploads/2020/12/gulab-jamun.jpg,
Veg Kolhapuri,"Gobi, potato, beans, khus khus, coconut",vegetarian,spicy,main course,Maharashtra,West,https://images.news18.com/ibnkhabar/uploads/2020/12/gulab-jamun.jpg,
Vindaloo,"Chicken, coconut oil, wine vinegar, ginger, green, cinnamon",non vegetarian,spicy,main course,Goa,West,https://images.news18.com/ibnkhabar/uploads/2020/12/gulab-jamun.jpg,
Lilva Kachori,"Green garlic chutney, fresh green peas, ginger, lemon juice, plain flour",vegetarian,spicy,snack,Gujarat,West,https://images.news18.com/ibnkhabar/uploads/2020/12/gulab-jamun.jpg,
Mag Dhokli,"Moong beans, jaggery, red chillies, oil, salt",vegetarian,spicy,snack,Gujarat,West,https://images.news18.com/ibnkhabar/uploads/2020/12/gulab-jamun.jpg,
Khichu,"Rice flour, sesame seeds, baking soda, peanut oil",vegetarian,spicy,snack,Gujarat,West,https://images.news18.com/ibnkhabar/uploads/2020/12/gulab-jamun.jpg,
Thepla,"Chickpea flour, methi leaves, jowar flour, wheat flour",vegetarian,spicy,snack,Gujarat,West,https://images.news18.com/ibnkhabar/uploads/2020/12/gulab-jamun.jpg,
Farsi Puri,"Semolina, clarified butter, oil, white flour, black pepper",vegetarian,Try out yourself,snack,Gujarat,West,https://images.news18.com/ibnkhabar/uploads/2020/12/gulab-jamun.jpg,
Khaman,"Yogurt, fresh coconut, sesame seeds, semolina, gram flour",vegetarian,spicy,snack,Gujarat,West,https://images.news18.com/ibnkhabar/uploads/2020/12/gulab-jamun.jpg,
Turiya Patra Vatana sabji,"Ridge gourd, baking soda, sugar, grated coconut, peas",vegetarian,spicy,main course,Gujarat,West,https://images.news18.com/ibnkhabar/uploads/2020/12/gulab-jamun.jpg,
Churma Ladoo,"Whole wheat flour, khus khus, sesame seeds, dry coconut, gur",vegetarian,sweet,dessert,Rajasthan,West,https://images.news18.com/ibnkhabar/uploads/2020/12/gulab-jamun.jpg,
Cheera Doi,"Rice, mango, curd",vegetarian,sweet,dessert,West Bengal,East,https://images.news18.com/ibnkhabar/uploads/2020/12/gulab-jamun.jpg,
Gheela Pitha,"Sticky rice, rice flour, jaggery, orange rind",vegetarian,sweet,dessert,Assam,North East,https://images.news18.com/ibnkhabar/uploads/2020/12/gulab-jamun.jpg,
Khar,"Raw papaya, panch phoran masala, nigella seeds, mustard oil, fennel seeds",vegetarian,Try out yourself,main course,Assam,North East,https://images.news18.com/ibnkhabar/uploads/2020/12/gulab-jamun.jpg,
Kumol Sawul,"Rice, eggs, carrot, beetroot",non vegetarian,spicy,main course,Assam,North East,https://images.news18.com/ibnkhabar/uploads/2020/12/gulab-jamun.jpg,
Luchi,"Maida, vegetable oil",vegetarian,Try out yourself,main course,West Bengal,East,https://images.news18.com/ibnkhabar/uploads/2020/12/gulab-jamun.jpg,
Alu Pitika,"Potatoes, mustard oil, fish, green chillies",non vegetarian,spicy,main course,Assam,North East,https://images.news18.com/ibnkhabar/uploads/2020/12/gulab-jamun.jpg,
Masor tenga,"Ridge gourd, fish, lemon, tomatoes, mustard oil",non vegetarian,spicy,main course,Assam,North East,https://images.news18.com/ibnkhabar/uploads/2020/12/gulab-jamun.jpg,
Bengena Pitika,"Brinjal, onions, salt, sesame seeds, coriander",vegetarian,Try out yourself,main course,Assam,North East,https://images.news18.com/ibnkhabar/uploads/2020/12/gulab-jamun.jpg,
Bilahi Maas,"Potatoes, garam masala, tomatoes, mustard oil, bay leaf",non vegetarian,Try out yourself,main course,Assam,North East,https://images.news18.com/ibnkhabar/uploads/2020/12/gulab-jamun.jpg,
Black rice,"Forbidden black rice, chicken, olive oil, slivered almonds, garlic powder",non vegetarian,Try out yourself,main course,Manipur,North East,https://images.news18.com/ibnkhabar/uploads/2020/12/gulab-jamun.jpg,
Bora Sawul,"Biryani masala, mixed vegetables, yellow moong daal, whole red, mustard seeds",vegetarian,spicy,main course,Assam,North East,https://images.news18.com/ibnkhabar/uploads/2020/12/gulab-jamun.jpg,
Brown Rice,"Brown rice, soy sauce, olive oil",vegetarian,Try out yourself,main course,Sorry! Not Known,Popular all over India,https://images.news18.com/ibnkhabar/uploads/2020/12/gulab-jamun.jpg,
Chingri malai curry,"Coconut milk, lobster, fresh green chilli, ginger, red onion",non vegetarian,spicy,main course,West Bengal,East,https://images.news18.com/ibnkhabar/uploads/2020/12/gulab-jamun.jpg,
Goja,"Baking soda, clarified butter, oil, all purpose flour",vegetarian,sweet,dessert,West Bengal,East,https://images.news18.com/ibnkhabar/uploads/2020/12/gulab-jamun.jpg,
Hando Guri,"Jaggery, raisins",vegetarian,sweet,dessert,Assam,North East,https://images.news18.com/ibnkhabar/uploads/2020/12/gulab-jamun.jpg,
Haq Maas,"Lamb, garam masala powder, curd, turmeric, bay leaf",non vegetarian,spicy,main course,Assam,North East,https://images.news18.com/ibnkhabar/uploads/2020/12/gulab-jamun.jpg,
Chingri Bhape,"Coconut, prawns, curd, mustard seed, green chili",non vegetarian,Try out yourself,main course,West Bengal,East,https://images.news18.com/ibnkhabar/uploads/2020/12/gulab-jamun.jpg,
Kabiraji,"Fish fillet, besan, lemon, mint, ginger",non vegetarian,spicy,main course,West Bengal,East,https://images.news18.com/ibnkhabar/uploads/2020/12/gulab-jamun.jpg,
Khorisa,"Fermented bamboo shoot, potato, ginger, green, mustard oil",vegetarian,spicy,main course,Assam,North East,https://images.news18.com/ibnkhabar/uploads/2020/12/gulab-jamun.jpg,
Koldil Chicken,"Banana flower, chicken, green chili, mustard oil, lemon juice",non vegetarian,spicy,main course,Assam,North East,https://images.news18.com/ibnkhabar/uploads/2020/12/gulab-jamun.jpg,
Konir Dom,"Aloo, tomatoes, mustard oil, bay leaf, cinnamon stick",non vegetarian,spicy,main course,Assam,North East,https://images.news18.com/ibnkhabar/uploads/2020/12/gulab-jamun.jpg,
Koldil Duck,"Rice flour, mutton, banana, gram flour, olive oil, baking powder",non vegetarian,spicy,main course,Assam,North East,https://images.news18.com/ibnkhabar/uploads/2020/12/gulab-jamun.jpg,
Masor Koni,"Fish roe, pumpkin flowers, mustard oil, turmeric, tomato",non vegetarian,spicy,main course,Assam,North East,https://images.news18.com/ibnkhabar/uploads/2020/12/gulab-jamun.jpg,
Mishti Chholar Dal,"Chana dal, fresh coconut, ginger, cinnamon, raisins",vegetarian,sweet,main course,West Bengal,East,https://images.news18.com/ibnkhabar/uploads/2020/12/gulab-jamun.jpg,
Pakhala,"Curd, cooked rice, curry leaves, dry chilli",vegetarian,Try out yourself,main course,Odisha,East,https://images.news18.com/ibnkhabar/uploads/2020/12/gulab-jamun.jpg,
Pani Pitha,"Tea leaves, white sesame seeds, dry coconut, soaked rice",vegetarian,Try out yourself,main course,Assam,North East,https://images.news18.com/ibnkhabar/uploads/2020/12/gulab-jamun.jpg,
Payokh,"Basmati rice, rose water, sugar, clarified butter, cardamom pods",vegetarian,sweet,dessert,Assam,North East,https://images.news18.com/ibnkhabar/uploads/2020/12/gulab-jamun.jpg,
Prawn malai curry,"Coconut milk, prawns, garlic, turmeric, sugar",non vegetarian,spicy,main course,West Bengal,East,https://images.news18.com/ibnkhabar/uploads/2020/12/gulab-jamun.jpg,
Red Rice,"Red pepper, red onion, butter, watercress, olive oil",vegetarian,Try out yourself,main course,Sorry! Not Known,Popular all over India,https://images.news18.com/ibnkhabar/uploads/2020/12/gulab-jamun.jpg,
Shukto,"Green beans, bitter gourd, ridge gourd, banana, brinjal",vegetarian,spicy,main course,West Bengal,East,https://images.news18.com/ibnkhabar/uploads/2020/12/gulab-jamun.jpg,
Til Pitha,"Glutinous rice, black sesame seeds, gur",vegetarian,sweet,dessert,Assam,North East,https://images.news18.com/ibnkhabar/uploads/2020/12/gulab-jamun.jpg,
Bebinca,"Coconut milk, egg yolks, clarified butter, all purpose flour",vegetarian,sweet,dessert,Goa,West,https://images.news18.com/ibnkhabar/uploads/2020/12/gulab-jamun.jpg,
Shufta,"Cottage cheese, dry dates, dried rose petals, pistachio, badam",vegetarian,sweet,dessert,Jammu & Kashmir,North,https://images.news18.com/ibnkhabar/uploads/2020/12/gulab-jamun.jpg,
Mawa Bati,"Milk powder, dry fruits, arrowroot powder, all purpose flour",vegetarian,sweet,dessert,Madhya Pradesh,Central,https://images.news18.com/ibnkhabar/uploads/2020/12/gulab-jamun.jpg,
Pinaca,"Brown rice, fennel seeds, grated coconut, black pepper, ginger powder",vegetarian,sweet,dessert,Goa,West,https://images.news18.com/ibnkhabar/uploads/2020/12/gulab-jamun.jpg,
